Date__(UT)__HR:MN,R.A._(ICRF),DEC__(ICRF),R.A.__(a-app),DEC_(a-app),APmag,Ang-diam,delta,deldot,S-T-O,Cnst,N.Pole-RA,N.Pole-DC
1600-Jan-27 18:00, 09 14 32.82, +20 45 51.8, 08 51 39.66, +22 21 31.7, -1.339, 13.96618, 0.67056969243988, -0.030528, 2.9363, Cnc, 318.11526, 53.13365
1602-Mar-05 18:00, 11 18 33.30, +08 55 29.7, 10 57 52.72, +11 04 49.3, -1.28, 14.02065, 0.66796471, -0.0084044, 3.2464, Leo, 318.11278, 53.1324
1604-Apr-14 12:00, 13 23 35.51, -06 34 08.2, 13 03 05.85, -04 28 45.1, -1.618, 15.61261, 0.599855, -0.0244184, 5.4616, Vir, 318.11045, 53.13097
1606-Jun-03 00:00, 16 17 27.39, -23 35 35.2, 15 54 03.05, -22 32 36.4, -2.101, 19.60006, 0.47782004, -0.0289175, 7.5304, Sco, 318.10847, 53.12955
1608-Aug-05 06:00, 21 23 28.44, -22 31 34.4, 21 00 55.76, -24 08 44.8, -2.924, 24.93421, 0.3756004, 0.0298947, 5.2285, Cap, 318.10606, 53.12844
1610-Oct-11 06:00, 02 08 59.01, +10 16 34.8, 01 48 21.27, +08 23 33.6, -2.493, 21.39646, 0.43770319, 0.0354231, 7.4868, Cet, 318.10322, 53.12688
1612-Dec-01 18:00, 05 36 23.20, +25 39 53.3, 05 12 30.80, +25 19 59.2, -1.732, 16.5285, 0.56661527, -0.0119687, 6.0499, Tau, 318.10124, 53.12543
1615-Jan-12 18:00, 08 20 33.47, +23 57 47.3, 07 57 33.77, +25 06 31.9, -1.431, 14.33241, 0.65343494, -0.0342519, 3.5797, Cnc, 318.09907, 53.1243
1617-Feb-19 00:00, 10 31 35.34, +14 03 35.4, 10 11 04.06, +15 59 45.0, -1.291, 13.83666, 0.67684669, 0.0203612, 2.7939, Leo, 318.09663, 53.12312
1619-Mar-30 00:00, 12 32 32.85, -00 10 04.8, 12 13 06.28, +01 56 18.2, -1.479, 14.77074, 0.63404416, -0.0130064, 4.5011, Vir, 318.0942, 53.12175
1621-May-13 06:00, 14 58 20.18, -17 10 46.4, 14 37 19.90, -15 36 48.0, -1.848, 17.67764, 0.52978227, -0.0226764, 6.9698, Lib, 318.09209, 53.12028
1623-Jul-10 12:00, 19 09 13.33, -28 09 16.8, 18 45 35.15, -28 40 16.9, -2.708, 23.27594, 0.40235962, 0.0004061, 6.7662, Sgr, 318.09004, 53.11907
1625-Sep-16 06:00, 00 31 03.33, -02 11 35.0, 00 11 57.17, -04 16 01.5, -2.747, 23.75831, 0.39419047, 0.0292412, 6.5729, Cet, 318.08708, 53.11776
1627-Nov-14 00:00, 04 20 40.65, +22 18 52.2, 03 58 41.24, +21 21 13.1, -1.998, 18.0793, 0.51801231, 0.0221193, 6.9455, Tau, 318.08488, 53.11614
1629-Dec-28 06:00, 07 21 10.39, +25 59 05.2, 06 58 20.91, +26 36 09.2, -1.484, 14.94599, 0.62660967, -0.0060422, 4.4136, Gem, 318.08284, 53.11495
1632-Feb-05 06:00, 09 43 14.36, +18 32 54.8, 09 22 41.64, +20 11 26.2, -1.297, 13.86251, 0.67558452, -0.014429, 2.7379, Leo, 318.08048, 53.11381
1634-Mar-14 12:00, 11 44 40.05, +05 47 50.9, 11 25 51.47, +07 49 16.7, -1.329, 14.2176, 0.65871195, 0.0309747, 3.7119, Vir, 318.07801, 53.11251
1636-Apr-24 12:00, 13 54 49.20, -10 20 52.2, 13 35 38.01, -08 32 07.9, -1.716, 16.22336, 0.57727237, -0.0109948, 6.0563, Vir, 318.07575, 53.11106
1638-Jun-15 18:00, 17 11 47.05, -26 27 06.4, 16 49 29.29, -25 56 13.7, -2.355, 20.85978, 0.44896455, -0.032227, 7.4989, Oph, 318.0738, 53.10971
1640-Aug-20 12:00, 22 36 07.71, -16 05 17.0, 22 16 47.67, -17 55 16.1, -2.868, 25.07634, 0.37347158, 0.0248573, 5.0865, Aqr, 318.07114, 53.10858
1642-Oct-24 00:00, 02 58 45.09, +15 40 55.1, 02 39 03.80, +14 12 32.1, -2.208, 20.10561, 0.46580542, -0.0078865, 7.6473, Ari, 318.06852, 53.10694
1644-Dec-11 18:00, 06 15 49.38, +26 22 49.2, 05 53 43.98, +26 25 08.5, -1.631, 15.86565, 0.59028797, 0.0027098, 5.4235, Gem, 318.06656, 53.10559
1647-Jan-21 12:00, 08 51 28.88, +22 17 25.8, 08 30 52.82, +23 33 38.6, -1.363, 14.10005, 0.66420354, 0.0052723, 3.1354, Cnc, 318.06431, 53.10448
1649-Feb-27 12:00, 10 58 09.91, +11 13 23.0, 10 39 41.75, +13 05 01.8, -1.292, 13.90971, 0.67329224, 0.0290847, 3.0338, Leo, 318.06185, 53.10326
1651-Apr-08 06:00, 13 00 46.82, -03 44 53.4, 12 42 51.08, -01 51 24.1, -1.506, 15.19492, 0.61634415, -0.034302, 4.9983, Vir, 318.05947, 53.10185
1653-May-24 18:00, 15 40 10.63, -20 54 57.7, 15 20 10.97, -19 44 42.6, -2.064, 18.67501, 0.50148826, -0.012745, 7.3811, Lib, 318.05743, 53.10041
1655-Jul-25 06:00, 20 23 53.26, -26 02 00.3, 20 03 05.51, -27 05 17.0, -2.753, 24.36496, 0.3843758, -0.0292466, 5.8069, Cap, 318.05521, 53.09927
1657-Sep-30 12:00, 01 27 48.72, +05 13 18.0, 01 10 07.91, +03 25 52.2, -2.492, 22.48582, 0.41649804, -0.0216435, 7.3935, Psc, 318.05227, 53.09781
1659-Nov-25 00:00, 05 04 03.33, +24 35 01.2, 04 43 23.96, +24 02 32.9, -1.883, 17.1605, 0.5457475, 0.0332411, 6.4019, Tau, 318.05022, 53.09628
1662-Jan-06 06:00, 07 55 29.94, +25 00 51.9, 07 35 00.54, +25 50 43.3, -1.386, 14.57237, 0.64267508, -0.0172222, 3.9191, Gem, 318.04811, 53.09513
1664-Feb-13 18:00, 10 10 53.49, +16 05 05.8, 09 52 34.96, +17 42 36.5, -1.276, 13.82231, 0.67754965, 0.0160954, 2.7031, Leo, 318.0457, 53.09398
1666-Mar-23 06:00, 12 11 33.50, +02 27 34.2, 11 54 28.68, +04 19 05.3, -1.397, 14.49097, 0.64628505, -0.0122687, 4.1027, Vir, 318.04324, 53.09264
1668-May-05 00:00, 14 29 03.93, -14 12 50.3, 14 11 04.40, -12 42 07.5, -1.748, 16.97324, 0.55176871, -0.0024974, 6.6204, Lib, 318.04106, 53.09117
1670-Jun-29 12:00, 18 14 10.14, -28 08 02.3, 17 53 23.30, -28 09 59.3, -2.56, 22.21529, 0.42157007, 0.0027991, 7.3253, Sgr, 318.03909, 53.0899
1672-Sep-04 12:00, 23 42 53.75, -08 23 38.7, 23 26 02.04, -10 12 11.5, -2.812, 24.56748, 0.38120723, -0.0277222, 5.9421, Aqr, 318.03622, 53.08869
1674-Nov-05 06:00, 03 45 30.12, +19 51 56.6, 03 26 50.08, +18 48 18.9, -2.162, 18.92722, 0.49480589, 0.0333548, 7.272, Tau, 318.03385, 53.08703
1676-Dec-21 06:00, 06 53 38.02, +26 23 32.1, 06 33 36.38, +26 43 51.2, -1.604, 15.31481, 0.61151927, -0.0315206, 4.9052, Gem, 318.03186, 53.08578
1679-Jan-30 00:00, 09 21 16.22, +20 16 30.8, 09 03 02.54, +21 36 01.2, -1.28, 13.94201, 0.67173257, -0.0074866, 2.867, Cnc, 318.02954, 53.08467
1681-Mar-08 00:00, 11 24 28.69, +08 12 16.6, 11 07 57.36, +09 56 44.1, -1.344, 14.05153, 0.66649704, 0.0134849, 3.3527, Leo, 318.02706, 53.0834
1683-Apr-18 00:00, 13 30 11.72, -07 25 42.2, 13 13 42.02, -05 46 33.6, -1.621, 15.71599, 0.59590919, 0.011407, 5.6593, Vir, 318.02475, 53.08197
1685-Jun-06 00:00, 16 28 15.33, -24 18 16.9, 16 09 20.35, -23 33 21.0, -2.121, 19.82478, 0.47240376, 0.0136782, 7.6548, Oph, 318.02277, 53.08057
1687-Aug-09 12:00, 21 39 08.25, -21 19 28.8, 21 21 26.65, -22 42 24.5, -2.943, 25.01797, 0.37434286, -0.0070423, 5.0875, Cap, 318.02031, 53.07946
1689-Oct-14 06:00, 02 19 48.82, +11 33 58.5, 02 03 13.68, +10 07 05.4, -2.476, 21.1542, 0.4427158, 0.0341663, 7.5461, Ari, 318.01752, 53.07787
1691-Dec-05 06:00, 05 45 22.44, +25 55 03.2, 05 26 19.88, +25 44 21.2, -1.795, 16.39469, 0.57123991, -0.0062934, 5.9153, Tau, 318.01555, 53.07645
1694-Jan-15 00:00, 08 27 53.20, +23 36 34.8, 08 09 45.61, +24 34 40.7, -1.401, 14.27951, 0.65585597, -0.0286624, 3.4792, Cnc, 318.01336, 53.07533
1696-Feb-22 06:00, 10 37 47.00, +13 24 09.6, 10 21 36.36, +14 57 40.4, -1.346, 13.84306, 0.67653399, 0.0427084, 2.845, Leo, 318.01091, 53.07414
1698-Apr-01 06:00, 12 38 59.47, -01 00 53.7, 12 23 33.83, +00 38 51.3, -1.454, 14.84344, 0.63093879, -0.0392489, 4.5557, Vir, 318.00849, 53.07276
1700-May-17 00:00, 15 06 57.77, -18 02 56.3, 14 50 09.70, -16 51 38.7, -1.892, 17.85005, 0.52466522, 0.0115461, 7.126, Lib, 318.00639, 53.07131
1702-Jul-15 00:00, 19 24 22.48, -27 56 50.0, 19 05 46.95, -28 28 44.4, -2.721, 23.49625, 0.39858707, 0.031042, 6.7473, Sgr, 318.00431, 53.07012
1704-Sep-20 12:00, 00 43 36.14, -00 30 42.3, 00 28 30.59, -02 08 08.0, -2.69, 23.52265, 0.39813964, -0.0153475, 6.8118, Cet, 318.00135, 53.06877
1706-Nov-17 18:00, 04 30 35.94, +22 56 41.2, 04 13 07.51, +22 16 08.6, -1.955, 17.88335, 0.52368821, 0.0325807, 6.8318, Tau, 317.99918, 53.06717
1708-Dec-31 12:00, 07 29 28.02, +25 48 37.6, 07 11 36.91, +26 22 11.1, -1.444, 14.86647, 0.62996111, -0.0362786, 4.3598, Gem, 317.99713, 53.06599
1711-Feb-08 12:00, 09 49 43.97, +17 59 24.6, 09 33 44.81, +19 18 47.4, -1.357, 13.84986, 0.67620197, 0.0135967, 2.7091, Leo, 317.99476, 53.06485
1713-Mar-17 18:00, 11 50 50.19, +05 00 43.2, 11 36 08.56, +06 36 04.0, -1.344, 14.26343, 0.65659534, 0.0325435, 3.8003, Vir, 317.99228, 53.06355
1715-Apr-29 00:00, 14 02 17.74, -11 15 11.9, 13 47 11.17, -09 51 53.0, -1.712, 16.36087, 0.5724208, -0.0128817, 6.1496, Vir, 317.99004, 53.06209
1717-Jun-20 00:00, 17 24 07.04, -26 57 32.7, 17 06 33.49, -26 39 08.0, -2.357, 21.12297, 0.44337036, 0.0124495, 7.6496, Oph, 317.98809, 53.06076
1719-Aug-25 18:00, 22 50 28.52, -14 32 38.9, 22 35 34.03, -16 00 58.9, -2.83, 25.04025, 0.37400978, -0.0186775, 5.2157, Aqr, 317.98539, 53.05962
1721-Oct-27 18:00, 03 09 11.02, +16 43 13.9, 02 53 39.77, +15 37 53.4, -2.16, 19.87648, 0.47117492, -0.0370652, 7.729, Ari, 317.98281, 53.05797
1723-Dec-16 06:00, 06 24 28.96, +26 28 02.7, 06 07 17.51, +26 34 29.2, -1.696, 15.75204, 0.59454505, 0.0219806, 5.248, Gem, 317.98085, 53.05665
1726-Jan-24 18:00, 08 58 32.47, +21 50 59.9, 08 42 41.19, +22 53 03.6, -1.409, 14.06472, 0.66587179, 0.0186569, 3.056, Cnc, 317.97859, 53.05554
1728-Mar-02 12:00, 11 04 32.90, +10 29 37.0, 10 50 20.03, +11 56 58.4, -1.335, 13.93239, 0.67219635, -0.0406581, 3.0061, Leo, 317.97612, 53.05431
1730-Apr-11 18:00, 13 07 04.92, -04 35 21.1, 12 53 11.96, -03 08 32.3, -1.569, 15.28444, 0.61273416, 0.022891, 5.2264, Vir, 317.97375, 53.0529
1732-May-28 12:00, 15 50 09.64, -21 43 43.3, 15 34 34.88, -20 53 18.0, -2.075, 18.87586, 0.49615212, -0.0136388, 7.3977, Sco, 317.97173, 53.05147
1734-Jul-29 18:00, 20 39 40.99, -25 15 52.5, 20 23 52.85, -26 10 11.4, -2.851, 24.53668, 0.38168564, -0.0009153, 5.6796, Cap, 317.96946, 53.05034
1736-Oct-04 18:00, 01 39 07.68, +06 41 58.5, 01 25 25.48, +05 21 06.1, -2.458, 22.24326, 0.42103984, 0.003234, 7.4215, Psc, 317.96654, 53.04885
1738-Nov-28 12:00, 05 13 30.10, +24 59 01.7, 04 57 31.60, +24 38 22.4, -1.892, 17.0048, 0.55074463, 0.0052908, 6.3454, Tau, 317.96451, 53.04734
1741-Jan-09 12:00, 08 03 06.25, +24 44 10.8, 07 47 28.84, +25 25 52.5, -1.394, 14.50834, 0.64551129, -0.0141033, 3.8193, Cnc, 317.96238, 53.04621
1743-Feb-17 00:00, 10 17 09.45, +15 28 15.0, 10 03 15.11, +16 44 25.5, -1.253, 13.81906, 0.67770882, 0.0478705, 2.7235, Leo, 317.95996, 53.04505
1745-Mar-26 12:00, 12 17 46.72, +01 38 39.7, 12 04 45.67, +03 03 35.0, -1.388, 14.54974, 0.64367487, -0.0143348, 4.184, Vir, 317.95751, 53.0437
1747-May-09 12:00, 14 37 07.81, -15 06 08.8, 14 23 19.72, -13 59 25.8, -1.782, 17.12465, 0.54688997, -0.0099166, 6.6658, Lib, 317.95536, 53.04224
1749-Jul-03 18:00, 18 28 20.63, -28 17 26.8, 18 12 33.73, -28 24 56.2, -2.642, 22.45893, 0.41699679, -0.0011565, 7.2784, Sgr, 317.95336, 53.04098
1751-Sep-10 00:00, 23 56 02.09, -06 41 43.8, 23 43 19.38, -08 04 22.6, -2.807, 24.38769, 0.38401758, -0.0275397, 6.0635, Aqr, 317.95047, 53.03975
1753-Nov-09 00:00, 03 55 48.67, +20 40 54.4, 03 41 31.94, +19 56 17.2, -2.036, 18.70732, 0.5006223, 0.0088951, 7.2617, Tau, 317.94814, 53.0381
1755-Dec-25 18:00, 07 01 57.48, +26 19 56.5, 06 46 50.79, +26 38 56.2, -1.523, 15.22077, 0.61529721, 0.0138502, 4.7039, Gem, 317.94613, 53.03687
1758-Feb-02 06:00, 09 28 00.78, +19 45 42.4, 09 14 21.52, +20 47 48.4, -1.299, 13.91907, 0.67283961, 0.0219907, 2.8098, Leo, 317.9438, 53.03575
1760-Mar-11 06:00, 11 30 37.68, +07 26 52.5, 11 18 14.01, +08 46 01.8, -1.395, 14.08704, 0.66481673, 0.0310527, 3.4406, Leo, 317.94132, 53.03448
1762-Apr-21 12:00, 13 37 15.43, -08 19 40.8, 13 24 48.81, -07 06 31.2, -1.601, 15.83518, 0.59142372, 0.0338727, 5.7944, Vir, 317.93903, 53.03304
1764-Jun-10 00:00, 16 39 39.98, -24 59 24.0, 16 25 22.72, -24 30 15.6, -2.196, 20.07153, 0.46659622, 0.0181578, 7.7091, Sco, 317.93706, 53.03166
1766-Aug-14 00:00, 21 54 15.44, -20 03 37.0, 21 41 16.62, -21 08 52.1, -3.027, 25.09047, 0.3732612, 0.0114771, 5.0326, Cap, 317.93455, 53.03055
1768-Oct-18 00:00, 02 30 52.26, +12 49 10.0, 02 18 24.36, +11 46 59.8, -2.327, 20.91188, 0.44784585, -0.0347601, 7.7996, Ari, 317.93179, 53.02895
1770-Dec-08 18:00, 05 54 26.37, +26 07 51.3, 05 40 15.31, +26 03 32.8, -1.709, 16.26181, 0.57590769, -0.0103707, 5.7881, Tau, 317.92983, 53.02755
1773-Jan-18 06:00, 08 35 13.63, +23 13 54.5, 08 21 52.20, +23 59 27.7, -1.355, 14.23266, 0.65801475, -0.0151333, 3.3879, Cnc, 317.92762, 53.02644
1775-Feb-25 06:00, 10 44 14.26, +12 42 33.2, 10 32 19.30, +13 52 49.6, -1.307, 13.8565, 0.67587775, -0.0175346, 2.8245, Leo, 317.92516, 53.02524
1777-Apr-04 12:00, 12 45 18.18, -01 51 01.4, 12 33 52.86, -00 37 42.9, -1.447, 14.91745, 0.62780831, -0.0421385, 4.6295, Vir, 317.92276, 53.02385
1779-May-20 12:00, 15 16 05.82, -18 54 41.7, 15 03 35.35, -18 04 53.6, -1.927, 18.0267, 0.51952384, -0.0277617, 7.0577, Lib, 317.92068, 53.0224
1781-Jul-18 06:00, 19 39 59.23, -27 36 29.8, 19 26 27.26, -28 05 27.9, -2.71, 23.72542, 0.39473689, 0.0137184, 6.5249, Sgr, 317.91856, 53.02123
1783-Sep-24 18:00, 00 55 40.36, +01 06 47.7, 00 44 36.64, -00 03 33.9, -2.659, 23.302, 0.4019097, -0.0209212, 6.9824, Cet, 317.9156, 53.01986
1785-Nov-20 06:00, 04 40 26.15, +23 30 36.7, 04 27 35.86, +23 04 33.0, -1.983, 17.70866, 0.52885417, -0.0251457, 6.8598, Tau, 317.91347, 53.01827
1788-Jan-03 18:00, 07 37 25.91, +25 36 45.0, 07 24 30.68, +26 04 01.0, -1.435, 14.79176, 0.63314286, -0.0392118, 4.277, Gem, 317.9114, 53.01711
1790-Feb-10 12:00, 09 56 32.02, +17 23 08.1, 09 45 00.81, +18 22 09.6, -1.314, 13.8367, 0.67684488, -0.0436143, 2.7003, Leo, 317.90901, 53.01597
1792-Mar-20 00:00, 11 56 59.04, +04 13 20.0, 11 46 20.97, +05 22 34.0, -1.385, 14.31134, 0.65439733, 0.0469342, 3.8918, Vir, 317.90654, 53.01465
1794-May-01 12:00, 14 09 47.10, -12 08 52.9, 13 58 46.41, -11 09 59.9, -1.687, 16.4951, 0.56776239, 0.0017216, 6.2504, Vir, 317.90432, 53.0132
1796-Jun-23 00:00, 17 37 13.69, -27 23 43.8, 17 24 29.08, -27 15 04.3, -2.45, 21.36708, 0.43830511, -0.026817, 7.5461, Oph, 317.90236, 53.01189
1798-Aug-29 06:00, 23 04 42.18, -12 55 33.8, 22 54 07.10, -14 00 29.2, -2.898, 24.95103, 0.37534727, -0.0304896, 5.3189, Aqr, 317.89961, 53.01074
1800-Oct-31 18:00, 03 19 40.95, +17 44 09.1, 03 08 27.30, +17 00 14.2, -2.167, 19.63131, 0.47705932, -0.0286849, 7.6409, Ari, 317.89709, 53.00908
1802-Dec-19 12:00, 06 33 40.78, +26 30 11.9, 06 21 26.54, +26 38 12.2, -1.639, 15.63923, 0.59883376, -0.0400928, 5.2845, Gem, 317.89512, 53.00778
1805-Jan-27 18:00, 09 05 55.64, +21 21 34.8, 08 54 45.89, +22 07 34.4, -1.379, 14.03107, 0.66746858, -0.0436276, 3.073, Cnc, 317.89284, 53.00667
1807-Mar-06 18:00, 11 10 39.62, +09 46 30.6, 11 00 38.41, +10 48 53.1, -1.27, 13.95683, 0.67101933, -0.0035656, 3.0834, Leo, 317.89036, 53.00544
1809-Apr-15 00:00, 13 14 00.98, -05 29 02.6, 13 04 10.11, -04 28 20.2, -1.617, 15.38279, 0.60881684, -0.0083142, 5.2207, Vir, 317.88801, 53.00402
1811-Jun-02 12:00, 16 00 10.47, -22 31 00.9, 15 49 04.18, -21 58 09.5, -2.053, 19.09949, 0.49034303, 0.0270137, 7.5936, Sco, 317.88601, 53.0026
1813-Aug-03 00:00, 20 55 28.83, -24 22 21.2, 20 44 31.80, -25 04 19.7, -2.946, 24.70553, 0.37907711, -0.0303052, 5.4593, Cap, 317.88369, 53.00148
1815-Oct-09 18:00, 01 50 21.09, +08 07 23.8, 01 40 40.33, +07 12 16.0, -2.456, 22.00202, 0.42565633, -0.0182901, 7.5859, Psc, 317.88079, 52.99997
1817-Dec-02 00:00, 05 22 52.27, +25 20 27.2, 05 11 40.41, +25 09 16.7, -1.8, 16.85518, 0.5556333, -0.0134581, 6.269, Tau, 317.87879, 52.99848
1820-Jan-13 18:00, 08 10 45.99, +24 25 37.8, 08 00 00.03, +24 56 57.9, -1.365, 14.45021, 0.6481082, -0.0036058, 3.7327, Cnc, 317.87664, 52.99736
1822-Feb-20 00:00, 10 23 43.79, +14 48 49.6, 10 14 11.67, +15 42 26.6, -1.258, 13.82275, 0.67752813, -0.0016573, 2.7084, Leo, 317.87421, 52.99619
1824-Mar-29 18:00, 12 23 55.15, +00 50 03.4, 12 14 57.70, +01 48 19.9, -1.396, 14.61238, 0.64091524, 0.0030923, 4.28, Vir, 317.87177, 52.99483
1826-May-13 00:00, 14 45 26.48, -15 59 30.0, 14 35 53.30, -15 15 17.5, -1.855, 17.28087, 0.54194609, -0.0294539, 6.6776, Lib, 317.86963, 52.99338
1828-Jul-08 00:00, 18 42 57.38, -28 21 13.2, 18 32 09.91, -28 30 23.6, -2.656, 22.71212, 0.41234816, 0.0032842, 7.1808, Sgr, 317.86761, 52.99214
1830-Sep-14 12:00, 00 08 53.55, -05 00 03.8, 00 00 14.51, -05 56 31.3, -2.788, 24.22053, 0.38666786, -0.0004771, 6.166, Psc, 317.86469, 52.99089
1832-Nov-12 18:00, 04 05 49.07, +21 25 55.5, 03 56 00.51, +20 58 08.5, -2.041, 18.51008, 0.50595684, -0.0064282, 7.196, Tau, 317.86241, 52.98925
1834-Dec-29 00:00, 07 10 17.23, +26 13 43.3, 07 00 05.54, +26 29 12.6, -1.521, 15.1322, 0.61889877, 0.0038567, 4.6442, Gem, 317.86039, 52.98804
1837-Feb-05 06:00, 09 34 57.81, +19 12 26.1, 09 25 51.13, +19 55 41.3, -1.287, 13.89555, 0.6739784, -0.0255515, 2.8056, Leo, 317.85805, 52.98692
1839-Mar-15 06:00, 11 37 03.83, +06 39 24.5, 11 28 47.94, +07 32 38.3, -1.402, 14.12255, 0.6631452, -0.0339671, 3.3817, Leo, 317.85557, 52.98563
1841-Apr-24 18:00, 13 44 29.60, -09 13 26.1, 13 36 09.82, -08 25 38.5, -1.649, 15.94833, 0.58722765, -0.0087202, 5.762, Vir, 317.85329, 52.98419
1843-Jun-15 00:00, 16 51 07.04, -25 37 08.2, 16 41 33.97, -25 20 41.5, -2.271, 20.30179, 0.46130415, 0.0158728, 7.7785, Sco, 317.85133, 52.98283
1845-Aug-18 12:00, 22 09 15.43, -18 41 33.8, 22 00 48.87, -19 26 32.4, -2.926, 25.1066, 0.37302143, 0.0046148, 4.9885, Aqr, 317.84876, 52.98172
1847-Oct-23 06:00, 02 41 21.72, +14 01 00.0, 02 33 04.07, +13 21 40.2, -2.284, 20.64906, 0.45354616, 0.0209476, 7.6003, Ari, 317.84605, 52.9801
1849-Dec-12 06:00, 06 03 32.42, +26 18 24.8, 05 54 12.87, +26 18 01.6, -1.737, 16.13086, 0.58058285, 0.0081733, 5.6616, Gem, 317.84409, 52.97873
1852-Jan-22 12:00, 08 42 29.29, +22 49 51.7, 08 33 49.91, +23 21 16.1, -1.326, 14.18837, 0.66006892, 0.020256, 3.2956, Cnc, 317.84186, 52.97762
1854-Feb-28 12:00, 10 50 20.42, +12 01 49.0, 10 42 39.11, +12 48 02.7, -1.365, 13.87023, 0.6752085, 0.0366055, 2.8888, Leo, 317.8394, 52.97641
1856-Apr-08 00:00, 12 51 34.40, -02 41 31.1, 12 44 11.77, -01 54 38.6, -1.537, 14.99968, 0.62436677, 0.0392504, 4.8574, Vir, 317.83701, 52.97502
1858-May-24 12:00, 15 25 06.48, -19 45 53.3, 15 17 01.13, -19 15 51.0, -1.938, 18.22682, 0.51381982, 0.036703, 7.3424, Lib, 317.83495, 52.97358
1860-Jul-22 12:00, 19 55 40.54, -27 09 26.0, 19 47 09.45, -27 31 09.9, -2.719, 23.95914, 0.39088636, 0.0014233, 6.3009, Sgr, 317.83279, 52.97242
1862-Sep-29 00:00, 01 07 26.22, +02 41 40.4, 01 00 24.55, +01 57 49.1, -2.617, 23.08112, 0.40575581, -0.0065955, 7.1018, Psc, 317.82983, 52.97102
1864-Nov-24 00:00, 04 49 52.58, +24 01 46.8, 04 41 43.66, +23 47 21.8, -1.905, 17.53851, 0.53398494, 0.0129988, 6.6574, Tau, 317.82773, 52.96945
1867-Jan-07 00:00, 07 45 26.06, +25 23 01.6, 07 37 21.93, +25 41 50.4, -1.454, 14.71965, 0.63624483, -0.0341892, 4.1987, Gem, 317.82564, 52.9683
1869-Feb-13 18:00, 10 02 52.53, +16 48 06.9, 09 55 43.72, +17 25 48.4, -1.351, 13.82955, 0.67719483, 0.0108959, 2.6828, Leo, 317.82324, 52.96716
1871-Mar-24 00:00, 12 03 21.66, +03 24 25.2, 11 56 46.05, +04 07 25.6, -1.366, 14.36167, 0.65210364, -0.0156985, 3.8264, Vir, 317.82078, 52.96584
1873-May-05 00:00, 14 17 15.44, -13 01 37.2, 14 10 25.30, -12 26 23.4, -1.776, 16.62728, 0.56324906, 0.0119911, 6.3634, Vir, 317.81858, 52.96438
1875-Jun-28 06:00, 17 50 15.34, -27 46 05.4, 17 42 26.42, -27 43 45.8, -2.437, 21.6188, 0.43320172, 0.0098383, 7.6278, Sgr, 317.81661, 52.96309
1877-Sep-02 18:00, 23 18 32.47, -11 16 58.0, 23 12 11.89, -11 56 54.1, -2.838, 24.86486, 0.37664796, -0.0239522, 5.4283, Aqr, 317.81381, 52.96192
1879-Nov-04 18:00, 03 29 39.45, +18 40 01.5, 03 22 50.47, +18 15 15.1, -2.19, 19.4135, 0.48241177, 0.0069813, 7.4508, Tau, 317.81135, 52.96026
1881-Dec-22 00:00, 06 41 52.71, +26 31 17.9, 06 34 34.82, +26 37 44.1, -1.574, 15.53656, 0.6027911, 0.0351647, 5.0512, Gem, 317.80937, 52.95899
1884-Jan-31 00:00, 09 12 39.48, +20 53 30.4, 09 06 04.50, +21 21 44.8, -1.377, 13.99758, 0.66906559, 0.0087703, 2.9818, Cnc, 317.80707, 52.95788
1886-Mar-09 00:00, 11 16 39.53, +09 03 19.7, 11 10 45.61, +09 40 26.6, -1.272, 13.9807, 0.6698736, 0.0409856, 3.1748, Leo, 317.80459, 52.95663
1888-Apr-17 06:00, 13 20 52.47, -06 21 58.0, 13 15 04.14, -05 46 47.2, -1.603, 15.47957, 0.60501038, -0.0372778, 5.2302, Vir, 317.80226, 52.95521
1890-Jun-05 06:00, 16 10 42.26, -23 16 25.3, 16 04 10.44, -22 59 10.2, -2.088, 19.31184, 0.48495113, -0.0169408, 7.5663, Sco, 317.80027, 52.9538
1892-Aug-06 12:00, 21 10 58.70, -23 22 48.5, 21 04 46.62, -23 49 04.1, -2.914, 24.81806, 0.3773582, -0.0208467, 5.3426, Cap, 317.79789, 52.9527
1894-Oct-13 00:00, 02 01 29.19, +09 31 31.6, 01 55 55.51, +09 01 10.5, -2.452, 21.73009, 0.43098311, -0.0010384, 7.5581, Psc, 317.79503, 52.95116
1896-Dec-04 12:00, 05 32 29.95, +25 39 31.7, 05 26 09.88, +25 35 03.8, -1.857, 16.70121, 0.56075575, -0.0243842, 6.224, Tau, 317.79304, 52.9497
1899-Jan-16 00:00, 08 18 23.04, +24 05 32.8, 08 12 25.01, +24 24 12.2, -1.412, 14.39263, 0.65070092, 0.0225205, 3.6429, Cnc, 317.79087, 52.94858
1901-Feb-23 00:00, 10 30 18.07, +14 08 17.5, 10 25 03.15, +14 38 25.4, -1.287, 13.82521, 0.67740751, -0.0420785, 2.6892, Leo, 317.78843, 52.94741
1903-Apr-03 00:00, 12 30 19.78, -00 00 38.9, 12 25 23.95, +00 31 17.4, -1.427, 14.67847, 0.63802967, 0.0051048, 4.3374, Vir, 317.786, 52.94604
1905-May-16 18:00, 14 53 48.62, -16 52 33.9, 14 48 32.86, -16 29 19.5, -1.841, 17.45301, 0.5366009, -0.0049854, 6.857, Lib, 317.78388, 52.94459
1907-Jul-13 06:00, 18 57 45.39, -28 19 05.2, 18 51 56.62, -28 26 20.5, -2.666, 22.97781, 0.40758018, 0.0139609, 7.0682, Sgr, 317.78184, 52.94338
1909-Sep-18 18:00, 00 21 32.27, -03 19 19.9, 00 16 55.62, -03 49 21.4, -2.731, 24.04637, 0.38946832, -0.0103014, 6.3954, Psc, 317.7789, 52.94209
1911-Nov-17 12:00, 04 15 31.82, +22 07 14.7, 04 10 19.08, +21 54 07.9, -2.069, 18.32031, 0.51119761, 0.0115329, 7.0653, Tau, 317.77666, 52.94047
1914-Jan-01 06:00, 07 18 34.23, +26 05 34.2, 07 13 18.36, +26 14 59.7, -1.562, 15.04611, 0.62243994, 0.0013631, 4.5798, Gem, 317.77463, 52.93927
1916-Feb-09 12:00, 09 41 29.33, +18 40 05.9, 09 36 51.81, +19 02 51.8, -1.28, 13.87765, 0.67484787, 0.0257986, 2.7542, Leo, 317.77227, 52.93815
1918-Mar-18 12:00, 11 42 58.34, +05 54 29.0, 11 38 48.27, +06 21 27.9, -1.409, 14.16191, 0.66130214, 0.0086089, 3.4951, Vir, 317.76979, 52.93686
1920-Apr-28 06:00, 13 51 24.35, -10 05 33.8, 13 47 12.95, -09 42 03.2, -1.701, 16.06221, 0.58306416, 0.0212592, 5.935, Vir, 317.76753, 52.93542
1922-Jun-19 00:00, 17 03 03.54, -26 12 16.5, 16 58 17.63, -26 05 31.6, -2.323, 20.54011, 0.45595185, 0.0159239, 7.7896, Oph, 317.76557, 52.93407
1924-Aug-23 00:00, 22 24 05.38, -17 14 42.8, 22 20 01.16, -17 37 30.7, -2.881, 25.11843, 0.37284572, 0.0026081, 4.9747, Aqr, 317.76295, 52.93295
1926-Oct-27 06:00, 02 51 58.30, +15 09 44.0, 02 47 55.77, +14 51 42.0, -2.225, 20.41151, 0.45882454, 0.0111063, 7.5783, Ari, 317.76029, 52.93132
1928-Dec-15 12:00, 06 12 43.02, +26 25 46.2, 06 08 17.89, +26 26 55.4, -1.751, 16.00985, 0.58497103, -0.0374749, 5.6978, Gem, 317.75833, 52.92997
1931-Jan-25 12:00, 08 49 54.78, +22 23 21.5, 08 45 55.77, +22 38 47.6, -1.314, 14.14406, 0.66213673, -0.0364226, 3.3114, Cnc, 317.75609, 52.92887
1933-Mar-03 12:00, 10 56 45.78, +11 18 32.4, 10 53 17.10, +11 39 50.5, -1.325, 13.88276, 0.67459935, -0.0162241, 2.8607, Leo, 317.75362, 52.92766
1935-Apr-12 06:00, 12 58 10.34, -03 33 29.4, 12 54 52.25, -03 12 45.8, -1.56, 15.08053, 0.6210193, 0.0151722, 4.8925, Vir, 317.75123, 52.92626
1937-May-28 06:00, 15 34 23.42, -20 35 16.9, 15 30 48.48, -20 22 51.0, -2., 18.41603, 0.50854074, 0.0306091, 7.448, Lib, 317.74919, 52.92482
1939-Jul-27 18:00, 20 11 18.49, -26 35 10.7, 20 07 40.55, -26 45 46.2, -2.741, 24.14445, 0.38788623, -0.0282569, 6.0746, Cap, 317.74699, 52.92369
1941-Oct-03 06:00, 01 19 13.01, +04 16 03.1, 01 16 13.17, +03 57 45.9, -2.53, 22.81652, 0.4104614, -0.0158945, 7.2259, Psc, 317.74404, 52.92225
1943-Nov-28 12:00, 04 59 48.24, +24 30 24.6, 04 56 23.40, +24 25 18.9, -1.95, 17.3609, 0.53944773, -0.0174792, 6.675, Tau, 317.74198, 52.92071
1946-Jan-10 06:00, 07 53 22.54, +25 07 31.7, 07 50 06.93, +25 15 57.5, -1.503, 14.64841, 0.63933898, -0.0252417, 4.1172, Gem, 317.73987, 52.91957
1948-Feb-17 18:00, 10 09 34.20, +16 10 04.2, 10 06 45.93, +16 25 22.3, -1.342, 13.82165, 0.67758205, -0.0349882, 2.6677, Leo, 317.73745, 52.91842
1950-Mar-27 06:00, 12 09 33.53, +02 35 52.0, 12 07 01.79, +02 52 21.4, -1.417, 14.41438, 0.64971913, -0.0025871, 3.9123, Vir, 317.735, 52.91709
1952-May-08 12:00, 14 25 15.20, -13 56 14.5, 14 22 41.20, -13 43 35.1, -1.722, 16.7763, 0.55824589, -0.0191858, 6.4044, Lib, 317.73281, 52.91564
1954-Jul-02 06:00, 18 04 15.10, -28 03 29.8, 18 01 25.60, -28 03 43.1, -2.538, 21.89197, 0.42779606, -0.0212393, 7.4344, Sgr, 317.73084, 52.91437
1956-Sep-07 06:00, 23 31 58.25, -09 37 44.1, 23 29 46.01, -09 51 50.4, -2.872, 24.76995, 0.37809113, 0.0125075, 5.5225, Aqr, 317.728, 52.91318
1958-Nov-08 12:00, 03 39 54.50, +19 33 07.1, 03 37 33.96, +19 25 09.1, -2.147, 19.20316, 0.48769579, -0.0151391, 7.4567, Tau, 317.72559, 52.91152
1960-Dec-25 06:00, 06 50 39.79, +26 29 11.0, 06 48 15.47, +26 31 48.1, -1.577, 15.43359, 0.60681291, 0.0050603, 5.0385, Gem, 317.7236, 52.91027
1963-Feb-03 06:00, 09 19 28.37, +20 23 45.4, 09 17 23.33, +20 33 03.8, -1.368, 13.96879, 0.67044483, 0.04432, 2.9073, Cnc, 317.72128, 52.90916
1965-Mar-12 00:00, 11 22 59.18, +08 17 47.3, 11 21 11.33, +08 29 14.2, -1.293, 14.00991, 0.66847702, -0.0181535, 3.1397, Leo, 317.7188, 52.90791
1967-Apr-21 18:00, 13 27 23.79, -07 13 10.3, 13 25 41.74, -07 03 07.2, -1.575, 15.57735, 0.60121274, 0.0064955, 5.4389, Vir, 317.71648, 52.90648
1969-Jun-09 06:00, 16 21 07.99, -23 59 37.6, 16 19 18.93, -23 55 30.7, -2.134, 19.52915, 0.47955484, 0.0221161, 7.7371, Sco, 317.71451, 52.90509
1971-Aug-12 00:00, 21 26 28.43, -22 16 19.6, 21 24 53.84, -22 23 38.3, -2.935, 24.92779, 0.3756971, -0.0245701, 5.221, Cap, 317.71208, 52.90399
1973-Oct-17 06:00, 02 12 22.69, +10 52 02.4, 02 11 00.79, +10 44 54.1, -2.439, 21.4785, 0.43603147, 0.0224436, 7.4798, Ari, 317.70925, 52.90242
1975-Dec-09 00:00, 05 41 36.47, +25 55 38.1, 05 40 09.41, +25 54 52.6, -1.73, 16.56164, 0.56548133, -0.0007898, 6.1027, Tau, 317.70727, 52.90099
1978-Jan-19 06:00, 08 25 38.81, +23 44 44.0, 08 24 22.48, +23 48 50.5, -1.446, 14.33785, 0.65318727, 0.0483147, 3.5301, Cnc, 317.70508, 52.89988
1980-Feb-26 06:00, 10 36 23.21, +13 29 23.6, 10 35 20.59, +13 35 27.4, -1.271, 13.82718, 0.67731102, 4.08e-05, 2.7209, Leo, 317.70263, 52.8987
1982-Apr-05 06:00, 12 36 39.58, -00 50 51.4, 12 35 45.21, -00 45 01.2, -1.5, 14.74572, 0.6351198, -0.0075679, 4.4068, Vir, 317.70021, 52.89733
1984-May-19 12:00, 15 02 07.96, -17 43 58.6, 15 01 15.37, -17 40 22.2, -1.847, 17.62149, 0.53147029, 0.0176727, 7.0583, Lib, 317.69811, 52.89588
1986-Jul-16 12:00, 19 12 43.21, -28 10 23.6, 19 11 53.74, -28 11 53.4, -2.653, 23.20594, 0.40357333, 0.0117009, 6.9266, Sgr, 317.69604, 52.89469
1988-Sep-22 06:00, 00 33 48.85, -01 39 12.2, 00 33 15.80, -01 42 44.3, -2.694, 23.82161, 0.39314297, 0.0296133, 6.4319, Cet, 317.69308, 52.89337
1990-Nov-20 06:00, 04 25 32.82, +22 46 34.8, 04 25 02.46, +22 45 30.9, -1.992, 18.11772, 0.51691388, 0.0290433, 6.9715, Tau, 317.6909, 52.89176
1993-Jan-03 12:00, 07 27 02.13, +25 55 05.6, 07 26 39.16, +25 55 49.9, -1.543, 14.95849, 0.62608611, -0.0229193, 4.5429, Gem, 317.68884, 52.89059
1995-Feb-11 12:00, 09 48 25.83, +18 04 19.7, 09 48 11.72, +18 05 26.9, -1.264, 13.86028, 0.67569362, -0.0367745, 2.746, Leo, 317.68647, 52.88946
1997-Mar-20 18:00, 11 49 06.30, +05 07 29.8, 11 48 58.93, +05 08 17.0, -1.383, 14.20306, 0.65938627, 0.0195887, 3.585, Vir, 317.684, 52.88816
1999-May-01 18:00, 13 58 50.42, -10 59 59.5, 13 58 48.80, -10 59 46.9, -1.663, 16.18975, 0.57847104, 0.0088545, 6.0322, Vir, 317.68175, 52.88672
2001-Jun-22 00:00, 17 15 34.49, -26 44 34.2, 17 15 40.20, -26 44 38.7, -2.37, 20.8037, 0.45017466, 0.0132258, 7.7475, Oph, 317.6798, 52.88539
2003-Aug-27 12:00, 22 38 35.28, -15 44 21.1, 22 38 47.58, -15 43 11.5, -2.926, 25.12695, 0.37271929, 0.0229855, 4.9844, Aqr, 317.67712, 52.88426
2005-Oct-30 06:00, 03 02 20.24, +16 14 32.8, 03 02 40.68, +16 16 05.3, -2.194, 20.18141, 0.46405573, 0.033448, 7.4967, Ari, 317.67451, 52.88262
2007-Dec-19 00:00, 06 21 23.28, +26 31 33.2, 06 21 55.19, +26 31 24.4, -1.631, 15.89115, 0.58934047, 0.0048146, 5.5156, Gem, 317.67255, 52.8813
2010-Jan-27 18:00, 08 56 57.70, +21 57 00.8, 08 57 35.24, +21 54 31.2, -1.334, 14.10489, 0.66397531, -0.0151806, 3.2149, Cnc, 317.67029, 52.8802
2012-Mar-05 18:00, 11 02 44.44, +10 36 59.0, 11 03 24.96, +10 32 47.3, -1.341, 13.90173, 0.67367857, 0.0174496, 2.936, Leo, 317.66781, 52.87897
2014-Apr-14 12:00, 13 04 39.72, -04 24 38.9, 13 05 25.81, -04 29 22.0, -1.571, 15.16487, 0.6175656, -0.0117994, 4.9481, Vir, 317.66545, 52.87757
2016-May-31 00:00, 15 43 53.72, -21 23 26.3, 15 44 52.53, -21 26 25.4, -2.073, 18.61061, 0.5032237, 0.0312879, 7.5339, Lib, 317.66342, 52.87615
2018-Jul-31 06:00, 20 26 55.36, -25 54 23.5, 20 28 02.54, -25 50 34.2, -2.853, 24.32755, 0.38496686, -0.0177375, 5.952, Cap, 317.66117, 52.87503
2020-Oct-06 12:00, 01 30 49.35, +05 47 59.5, 01 31 54.42, +05 54 24.6, -2.522, 22.57188, 0.41491009, -0.0247747, 7.3158, Psc, 317.65824, 52.87356
2022-Dec-01 00:00, 05 09 27.84, +24 55 44.9, 05 10 52.78, +24 57 30.9, -1.881, 17.20088, 0.5444663, -0.0311825, 6.65, Tau, 317.6562, 52.87204
2025-Jan-12 12:00, 08 01 03.83, +24 50 48.3, 08 02 35.81, +24 46 36.9, -1.465, 14.5814, 0.6422772, -0.0245399, 4.0193, Cnc, 317.65407, 52.87092
2027-Feb-20 00:00, 10 15 48.59, +15 33 17.3, 10 17 18.66, +15 24 59.3, -1.34, 13.81478, 0.67791882, -0.0021836, 2.6614, Leo, 317.65165, 52.86976
2029-Mar-29 12:00, 12 15 46.36, +01 46 54.4, 12 17 18.46, +01 36 55.2, -1.448, 14.46986, 0.64722807, -0.012881, 3.9911, Vir, 317.6492, 52.86842
2031-May-12 06:00, 14 32 50.93, -14 48 23.8, 14 34 36.57, -14 56 43.5, -1.805, 16.92419, 0.55336755, 0.0304281, 6.6746, Lib, 317.64703, 52.86697
2033-Jul-05 12:00, 18 17 53.91, -28 16 12.6, 18 20 02.83, -28 15 07.2, -2.517, 22.13886, 0.42302532, 0.0084385, 7.4568, Sgr, 317.64504, 52.86572
2035-Sep-11 12:00, 23 45 25.43, -07 55 37.4, 23 47 16.32, -07 43 37.5, -2.895, 24.61922, 0.38040603, -0.0233222, 5.7657, Aqr, 317.64217, 52.86451
2037-Nov-11 06:00, 03 50 16.85, +20 23 46.9, 03 52 29.51, +20 30 28.2, -2.074, 18.9744, 0.49357553, -0.0249866, 7.4654, Tau, 317.63981, 52.86286
2039-Dec-28 12:00, 06 59 28.55, +26 24 54.1, 07 01 57.47, +26 21 25.8, -1.619, 15.3301, 0.61090917, -0.0413477, 5.0303, Gem, 317.63781, 52.86163
2042-Feb-05 06:00, 09 26 37.02, +19 51 04.7, 09 29 00.00, +19 40 00.8, -1.36, 13.94188, 0.67173885, -0.0301308, 2.9105, Leo, 317.63547, 52.86052
2044-Mar-14 06:00, 11 29 00.62, +07 33 05.8, 11 31 19.10, +07 18 19.3, -1.312, 14.03914, 0.66708514, -0.0003527, 3.231, Leo, 317.63299, 52.85925
2046-Apr-24 06:00, 13 34 15.27, -08 06 10.2, 13 36 43.28, -08 20 32.9, -1.675, 15.68588, 0.59705291, 0.0221588, 5.6062, Vir, 317.63069, 52.85783
2048-Jun-12 00:00, 16 32 33.42, -24 41 38.5, 16 35 32.83, -24 47 38.8, -2.176, 19.77173, 0.47367134, -0.018817, 7.6238, Oph, 317.62872, 52.85645
2050-Aug-15 12:00, 21 41 48.36, -21 04 01.5, 21 44 40.75, -20 49 47.7, -3.008, 25.03738, 0.37405269, -0.0082703, 5.1159, Cap, 317.62624, 52.85535
2052-Oct-20 06:00, 02 23 18.12, +12 09 19.9, 02 26 10.98, +12 23 35.2, -2.386, 21.24136, 0.44089928, 0.0108273, 7.5544, Ari, 317.62345, 52.85376
2054-Dec-11 12:00, 05 50 45.30, +26 09 13.0, 05 54 10.98, +26 09 41.3, -1.753, 16.42627, 0.57014149, 0.0055105, 5.9861, Tau, 317.62149, 52.85236
2057-Jan-21 06:00, 08 33 28.25, +23 20 15.9, 08 36 49.56, +23 08 16.6, -1.425, 14.28683, 0.6555197, -0.0476857, 3.5776, Cnc, 317.61928, 52.85125
2059-Feb-28 12:00, 10 42 30.64, +12 49 30.7, 10 45 38.87, +12 30 48.7, -1.269, 13.8374, 0.6768109, 0.0253575, 2.7654, Leo, 317.61682, 52.85006
2061-Apr-07 12:00, 12 42 57.31, -01 40 56.4, 12 46 07.06, -02 01 08.0, -1.515, 14.81866, 0.63199352, -0.0271629, 4.4817, Vir, 317.61441, 52.84869
2063-May-23 00:00, 15 10 59.10, -18 35 16.9, 15 14 36.98, -18 49 36.5, -1.917, 17.79199, 0.52637721, -0.0237133, 7.0309, Lib, 317.61233, 52.84725
2065-Jul-19 18:00, 19 27 58.83, -27 55 01.1, 19 32 05.93, -27 46 36.5, -2.668, 23.43701, 0.39959447, -0.0181433, 6.7444, Sgr, 317.61022, 52.84607
2067-Sep-26 12:00, 00 46 15.09, +00 01 23.6, 00 49 45.71, +00 23 45.4, -2.729, 23.60858, 0.3966905, -0.0091986, 6.6603, Cet, 317.60726, 52.84473
2069-Nov-22 18:00, 04 35 36.48, +23 22 19.2, 04 39 51.49, +23 30 27.7, -2.051, 17.93422, 0.52220278, -0.0160517, 7.0373, Tau, 317.60511, 52.84314
2072-Jan-06 18:00, 07 35 01.39, +25 43 28.4, 07 39 26.23, +25 33 22.2, -1.502, 14.88006, 0.62938587, -0.0359521, 4.4555, Gem, 317.60304, 52.84197
2074-Feb-13 18:00, 09 54 45.97, +17 30 23.5, 09 58 50.24, +17 09 01.6, -1.255, 13.8447, 0.67645381, -0.005101, 2.7019, Leo, 317.60065, 52.84084
2076-Mar-23 00:00, 11 55 08.06, +04 20 46.9, 11 59 02.78, +03 55 18.4, -1.332, 14.2453, 0.65743102, 0.0250464, 3.6851, Vir, 317.59818, 52.83954
2078-May-04 06:00, 14 06 06.05, -11 52 43.4, 14 10 19.17, -12 14 59.1, -1.756, 16.31818, 0.57391815, 0.0131226, 6.1688, Vir, 317.59595, 52.83809
2080-Jun-25 00:00, 17 28 01.45, -27 12 29.1, 17 33 05.14, -27 16 05.4, -2.364, 21.04672, 0.44497671, 0.0136092, 7.7308, Oph, 317.594, 52.83678
2082-Aug-30 18:00, 22 52 53.62, -14 10 06.8, 22 57 17.56, -13 43 26.8, -2.905, 25.07022, 0.37356267, -0.0094036, 5.0762, Aqr, 317.59127, 52.83565
2084-Nov-02 00:00, 03 13 04.80, +17 17 16.4, 03 17 54.91, +17 36 05.6, -2.249, 19.93252, 0.46985025, -0.006055, 7.6265, Ari, 317.58872, 52.83399
2086-Dec-21 12:00, 06 30 14.56, +26 34 58.0, 06 35 42.18, +26 30 41.1, -1.651, 15.7702, 0.59386068, 0.0180217, 5.3639, Gem, 317.58675, 52.8327
2089-Jan-30 00:00, 09 04 00.66, +21 29 09.0, 09 09 08.32, +21 07 16.8, -1.319, 14.06684, 0.66577161, -0.0054764, 3.1261, Cnc, 317.58447, 52.8316
2091-Mar-09 00:00, 11 08 48.06, +09 54 06.1, 11 13 33.78, +09 24 12.6, -1.322, 13.92151, 0.67272139, 0.0381825, 3.0149, Leo, 317.58199, 52.83037
2093-Apr-17 00:00, 13 11 10.49, -05 16 29.3, 13 16 01.54, -05 46 03.2, -1.519, 15.25727, 0.61382555, 0.025532, 5.1501, Vir, 317.57964, 52.82896
2095-Jun-03 18:00, 15 54 04.36, -22 11 39.1, 15 59 42.99, -22 27 59.1, -2.034, 18.82546, 0.49748044, 0.0234111, 7.5412, Sco, 317.57763, 52.82755
2097-Aug-03 18:00, 20 42 36.91, -25 06 31.2, 20 48 23.47, -24 45 01.2, -2.82, 24.52489, 0.38186924, -0.0021791, 5.8125, Cap, 317.57533, 52.82644
2099-Oct-10 18:00, 01 42 08.68, +07 16 31.3, 01 47 24.57, +07 46 37.3, -2.563, 22.3402, 0.41921281, -0.0083521, 7.3465, Psc, 317.57242, 52.82494
2101-Dec-04 18:00, 05 18 32.13, +25 18 28.8, 05 24 51.57, +25 24 16.3, -1.905, 17.04599, 0.54941361, 0.0319668, 6.3738, Tau, 317.5704, 52.82345
2104-Jan-16 18:00, 08 08 43.20, +24 32 25.4, 08 14 58.86, +24 13 22.8, -1.413, 14.51901, 0.64503731, -0.0299613, 3.9219, Cnc, 317.56825, 52.82233
2106-Feb-23 06:00, 10 22 01.50, +14 55 42.8, 10 27 45.13, +14 23 01.5, -1.312, 13.81551, 0.67788282, 0.0250494, 2.6705, Leo, 317.56582, 52.82117
2108-Apr-01 18:00, 12 21 49.29, +00 58 51.0, 12 27 23.51, +00 22 46.3, -1.435, 14.52965, 0.64456475, -0.0116799, 4.0977, Vir, 317.56338, 52.81983
2110-May-15 18:00, 14 40 45.89, -15 40 21.8, 14 46 53.69, -16 08 09.5, -1.745, 17.07284, 0.54854967, 0.0288589, 6.7527, Lib, 317.56123, 52.81838
2112-Jul-09 18:00, 18 31 54.77, -28 23 38.6, 18 39 01.30, -28 17 47.7, -2.542, 22.38619, 0.41835163, 0.0136845, 7.4291, Sgr, 317.55922, 52.81715
2114-Sep-16 00:00, 23 58 25.48, -06 13 42.5, 00 04 18.54, -05 35 22.1, -2.794, 24.46282, 0.38283804, -0.0110737, 5.8653, Psc, 317.55632, 52.81591
2116-Nov-15 00:00, 04 00 23.17, +21 10 35.6, 04 07 16.71, +21 29 41.9, -2.114, 18.76784, 0.4990079, -0.0254294, 7.4179, Tau, 317.55401, 52.81427
2119-Jan-01 00:00, 07 07 28.95, +26 19 58.9, 07 14 51.58, +26 07 54.8, -1.534, 15.23864, 0.61457578, 0.0174385, 4.7931, Gem, 317.55199, 52.81306
2121-Feb-08 12:00, 09 33 08.43, +19 19 51.4, 09 39 56.20, +18 46 56.2, -1.314, 13.91669, 0.67295443, 0.0022182, 2.833, Leo, 317.54964, 52.81195
2123-Mar-18 12:00, 11 35 00.56, +06 47 59.8, 11 41 23.64, +06 06 47.4, -1.331, 14.07074, 0.66558702, 0.0169671, 3.3262, Leo, 317.54716, 52.81067
2125-Apr-27 12:00, 13 41 28.04, -08 59 58.7, 13 48 07.66, -09 37 39.6, -1.669, 15.79737, 0.59283907, -0.0352125, 5.5719, Vir, 317.54488, 52.80925
2127-Jun-17 00:00, 16 43 34.47, -25 20 09.9, 16 51 25.05, -25 33 17.7, -2.176, 19.99788, 0.46831455, 0.0154792, 7.7523, Sco, 317.54292, 52.80788
2129-Aug-20 00:00, 21 56 39.77, -19 47 05.5, 22 03 49.58, -19 09 28.3, -2.927, 25.08939, 0.37327731, 0.0228478, 5.0252, Cap, 317.54038, 52.80678
2131-Oct-25 06:00, 02 34 11.83, +13 24 01.5, 02 41 24.66, +13 58 01.0, -2.332, 20.9775, 0.44644508, 0.0101153, 7.6098, Ari, 317.53764, 52.80518
2133-Dec-15 00:00, 05 59 58.02, +26 20 27.3, 06 08 19.13, +26 19 43.3, -1.769, 16.28521, 0.57508008, -0.0034628, 5.8756, Tau, 317.53568, 52.8038
2136-Jan-25 12:00, 08 40 46.48, +22 56 09.9, 08 48 43.63, +22 26 16.3, -1.417, 14.23733, 0.65779878, -0.0388204, 3.4769, Cnc, 317.53345, 52.8027
2138-Mar-03 12:00, 10 48 57.75, +12 06 49.5, 10 56 15.84, +11 22 31.4, -1.281, 13.84737, 0.67632327, -0.0388632, 2.7368, Leo, 317.53098, 52.8015
2140-Apr-10 18:00, 12 49 25.89, -02 32 18.8, 12 56 41.77, -03 18 08.9, -1.506, 14.89369, 0.62881001, -0.0446791, 4.5376, Vir, 317.52859, 52.80012
2142-May-26 18:00, 15 20 00.71, -19 26 30.3, 15 28 14.16, -19 56 30.8, -1.903, 17.97948, 0.5208882, 0.00525, 7.1575, Lib, 317.52652, 52.79869
2144-Jul-24 06:00, 19 43 20.60, -27 33 36.9, 19 52 16.48, -27 11 31.7, -2.74, 23.68758, 0.39536758, 0.0127016, 6.683, Sgr, 317.52438, 52.79753
2146-Sep-30 18:00, 00 58 19.40, +01 39 08.7, 01 05 53.71, +02 26 25.4, -2.74, 23.40129, 0.40020437, -0.0211421, 6.8323, Cet, 317.52141, 52.79615
2148-Nov-26 12:00, 04 45 05.79, +23 54 44.5, 04 54 08.82, +24 09 41.3, -1.957, 17.75906, 0.5273535, 0.0137295, 6.8427, Tau, 317.5193, 52.79458
2151-Jan-10 06:00, 07 42 38.35, +25 31 14.7, 07 51 48.51, +25 08 29.8, -1.439, 14.80532, 0.63256337, 0.0414646, 4.2072, Gem, 317.51721, 52.79344
2153-Feb-17 00:00, 10 01 08.96, +16 55 07.8, 10 09 29.97, +16 10 15.5, -1.307, 13.8353, 0.67691338, 0.0270038, 2.6737, Leo, 317.51481, 52.7923
2155-Mar-27 06:00, 12 01 07.71, +03 33 53.8, 12 09 06.25, +02 41 56.4, -1.358, 14.29464, 0.65516158, 0.040216, 3.7947, Vir, 317.51235, 52.79099
2157-May-07 18:00, 14 13 26.10, -12 45 02.1, 14 21 59.63, -13 28 36.0, -1.662, 16.44872, 0.56936358, 0.0340264, 6.3005, Vir, 317.51014, 52.78954
2159-Jun-30 00:00, 17 40 54.35, -27 36 35.4, 17 50 59.13, -27 39 53.5, -2.366, 21.28878, 0.43991719, -0.0134492, 7.666, Oph, 317.50818, 52.78825
2161-Sep-04 06:00, 23 06 55.43, -12 32 40.9, 23 15 24.79, -11 39 40.2, -2.851, 25.00186, 0.37458419, -0.0078352, 5.1416, Aqr, 317.5054, 52.7871
2163-Nov-07 00:00, 03 23 22.87, +18 16 13.5, 03 32 46.57, +18 49 52.3, -2.245, 19.7018, 0.47535242, 0.0287159, 7.5045, Ari, 317.5029, 52.78545
2165-Dec-24 18:00, 06 39 04.90, +26 35 37.1, 06 49 24.96, +26 24 49.2, -1.69, 15.66315, 0.59791937, -0.0303259, 5.3551, Gem, 317.50093, 52.78417
2168-Feb-03 06:00, 09 10 42.75, +21 01 17.3, 09 20 15.93, +20 18 56.4, -1.363, 14.03206, 0.66742144, 0.0358346, 3.0245, Cnc, 317.49863, 52.78307
2170-Mar-12 00:00, 11 15 07.60, +09 09 05.4, 11 23 57.63, +08 13 07.4, -1.347, 13.94258, 0.67170479, -0.023155, 2.9775, Leo, 317.49615, 52.78183
2172-Apr-20 06:00, 13 17 54.90, -06 08 51.2, 13 26 54.94, -07 02 49.0, -1.546, 15.3507, 0.61008956, 0.000899, 5.1778, Vir, 317.49381, 52.78042
2174-Jun-07 12:00, 16 04 06.88, -22 56 49.8, 16 14 33.31, -23 24 04.4, -2.1, 19.03126, 0.49210087, 0.0189105, 7.5887, Sco, 317.49181, 52.77902
2176-Aug-08 00:00, 20 58 08.86, -24 11 41.0, 21 08 27.36, -23 29 17.8, -2.863, 24.67078, 0.37961107, -0.0191173, 5.5786, Cap, 317.48947, 52.77792
2178-Oct-14 18:00, 01 53 30.50, +08 42 35.3, 02 03 01.82, +09 34 43.3, -2.51, 22.07424, 0.42426377, -0.0323704, 7.5365, Psc, 317.48658, 52.7764
2180-Dec-07 06:00, 05 28 08.17, +25 38 25.9, 05 39 22.78, +25 45 14.5, -1.809, 16.8835, 0.55470143, -0.0005267, 6.3271, Tau, 317.48458, 52.77494
2183-Jan-19 00:00, 08 16 24.76, +24 12 15.9, 08 27 17.68, +23 36 35.2, -1.373, 14.45666, 0.6478191, -0.0286676, 3.8361, Cnc, 317.48241, 52.77383
2185-Feb-25 06:00, 10 28 35.13, +14 15 15.1, 10 38 27.75, +13 17 40.1, -1.342, 13.81576, 0.67787082, -0.0283791, 2.6483, Leo, 317.47997, 52.77266
2187-Apr-05 00:00, 12 28 06.51, +00 08 51.1, 12 37 43.08, -00 53 02.6, -1.407, 14.59115, 0.64184809, -0.0061424, 4.1754, Vir, 317.47754, 52.7713
2189-May-18 06:00, 14 49 22.04, -16 34 19.8, 14 59 58.13, -17 20 08.0, -1.843, 17.23608, 0.54335431, 7.99e-05, 6.7337, Lib, 317.47541, 52.76986
2191-Jul-14 00:00, 18 46 39.54, -28 25 21.1, 18 58 44.13, -28 10 53.5, -2.583, 22.65851, 0.41332374, -0.0007449, 7.3168, Sgr, 317.47338, 52.76865
2193-Sep-19 12:00, 00 11 16.02, -04 31 13.9, 00 21 12.43, -03 26 31.4, -2.735, 24.3118, 0.38521629, 0.0059383, 5.9618, Psc, 317.47045, 52.76739
2195-Nov-18 18:00, 04 10 25.93, +21 54 17.5, 04 22 06.73, +22 23 03.0, -2.042, 18.57034, 0.50431492, -0.0355817, 7.3511, Tau, 317.46819, 52.76576
2198-Jan-03 06:00, 07 15 52.64, +26 12 03.2, 07 28 05.46, +25 48 46.3, -1.494, 15.15029, 0.61815977, -0.0063999, 4.7393, Gem, 317.46616, 52.76457
2200-Feb-11 18:00, 09 39 41.21, +18 47 26.7, 09 50 48.02, +17 51 36.4, -1.281, 13.8968, 0.67391773, 0.043262, 2.772, Leo, 317.46379, 52.76345
2202-Mar-21 12:00, 11 41 19.28, +06 00 49.6, 11 51 44.10, +04 53 18.0, -1.324, 14.10928, 0.66376864, -0.047614, 3.2777, Vir, 317.46132, 52.76217
2204-May-01 00:00, 13 48 10.89, -09 51 08.0, 13 59 03.74, -10 51 07.3, -1.614, 15.90944, 0.58866299, 0.018564, 5.7781, Vir, 317.45905, 52.76074
2206-Jun-21 00:00, 16 54 52.99, -25 56 00.3, 17 07 39.01, -26 13 28.3, -2.194, 20.22477, 0.46306082, 0.0265017, 7.8512, Oph, 317.45709, 52.75939
2208-Aug-24 06:00, 22 11 49.39, -18 22 38.5, 22 23 10.86, -17 19 49.5, -2.911, 25.12185, 0.37279501, -0.0292937, 4.9476, Aqr, 317.4545, 52.75829
2210-Oct-29 06:00, 02 44 58.17, +14 35 26.2, 02 56 39.08, +15 27 21.3, -2.309, 20.72879, 0.45180168, 0.0138679, 7.6282, Ari, 317.45181, 52.75667
2212-Dec-18 12:00, 06 08 49.36, +26 29 12.7, 06 22 08.01, +26 24 30.9, -1.7, 16.16116, 0.57949438, 0.0184193, 5.719, Gem, 317.44985, 52.75532
2215-Jan-28 18:00, 08 47 46.66, +22 31 33.3, 09 00 15.81, +21 41 58.3, -1.387, 14.19256, 0.6598737, 0.0012838, 3.3613, Cnc, 317.4476, 52.75422
2217-Mar-06 18:00, 10 54 55.68, +11 26 04.0, 11 06 20.47, +10 15 43.7, -1.258, 13.85858, 0.67577631, 0.0123112, 2.7971, Leo, 317.44513, 52.75302
2219-Apr-15 06:00, 12 55 33.10, -03 21 55.1, 13 06 54.87, -04 32 39.5, -1.465, 14.97199, 0.62552139, 0.0400971, 4.7892, Vir, 317.44274, 52.75163
2221-May-30 12:00, 15 29 05.34, -20 15 55.1, 15 41 57.65, -20 59 25.3, -2.004, 18.16439, 0.51558569, 0.0221482, 7.2862, Lib, 317.4407, 52.7502
2223-Jul-29 12:00, 19 58 40.11, -27 04 56.6, 20 12 16.99, -26 26 00.1, -2.803, 23.89963, 0.3918596, 0.0087679, 6.4806, Sgr, 317.43852, 52.74907
2225-Oct-05 00:00, 01 10 07.95, +03 14 44.9, 01 21 49.35, +04 26 02.9, -2.675, 23.15639, 0.40443695, -0.0118007, 6.962, Psc, 317.43556, 52.74766
2227-Dec-01 06:00, 04 54 46.52, +24 24 50.4, 05 08 43.19, +24 44 06.0, -1.97, 17.57255, 0.53295049, 0.0325339, 6.6751, Tau, 317.43347, 52.74611
2230-Jan-13 12:00, 07 50 41.89, +25 15 46.9, 08 04 36.00, +24 38 06.8, -1.447, 14.72895, 0.63584281, 0.0396338, 4.1381, Gem, 317.43137, 52.74497
2232-Feb-21 00:00, 10 07 50.42, +16 17 09.4, 10 20 25.91, +15 07 37.6, -1.281, 13.82559, 0.67738894, -0.0164053, 2.6558, Leo, 317.42895, 52.74383
2234-Mar-30 06:00, 12 07 36.21, +02 43 55.2, 12 19 38.63, +01 25 36.7, -1.359, 14.3432, 0.65294338, -0.0268635, 3.7166, Vir, 317.42649, 52.74251
2236-May-11 06:00, 14 21 11.04, -13 38 48.0, 14 34 08.48, -14 42 00.3, -1.708, 16.58755, 0.56459813, 0.0399843, 6.3829, Vir, 317.4243, 52.74107
2238-Jul-04 06:00, 17 54 12.99, -27 57 18.8, 18 09 17.71, -27 56 32.9, -2.451, 21.55919, 0.43439944, 0.0036143, 7.718, Sgr, 317.42233, 52.7398
2240-Sep-08 18:00, 23 20 49.86, -10 52 24.9, 23 33 19.44, -09 32 48.0, -2.939, 24.93481, 0.37559141, -0.010938, 5.24, Aqr, 317.41952, 52.73863
2242-Nov-10 18:00, 03 33 49.87, +19 11 47.7, 03 47 52.15, +19 58 01.2, -2.132, 19.48533, 0.48063342, -0.0122486, 7.5552, Tau, 317.41707, 52.73697
2244-Dec-28 06:00, 06 47 24.98, +26 34 59.2, 07 02 37.17, +26 15 34.8, -1.58, 15.56059, 0.60186029, 0.0282328, 5.1396, Gem, 317.41509, 52.73573
2247-Feb-06 06:00, 09 17 54.67, +20 29 48.7, 09 31 51.29, +19 25 30.6, -1.325, 14.00139, 0.66888339, -0.0204709, 3.0282, Cnc, 317.41277, 52.73462
2249-Mar-15 06:00, 11 21 04.10, +08 25 39.5, 11 33 59.01, +07 03 09.3, -1.315, 13.97097, 0.67034017, 0.0228732, 3.0696, Leo, 317.41029, 52.73338
2251-Apr-24 12:00, 13 24 37.90, -07 00 43.0, 13 37 50.78, -08 18 17.2, -1.619, 15.44744, 0.60626894, -0.0152667, 5.2143, Vir, 317.40796, 52.73196
2253-Jun-11 06:00, 16 14 31.18, -23 40 27.1, 16 29 50.70, -24 15 33.4, -2.098, 19.23858, 0.48679795, -0.0116663, 7.5903, Sco, 317.40598, 52.73057
2255-Aug-13 12:00, 21 13 30.32, -23 10 35.0, 21 28 10.11, -22 04 46.8, -2.954, 24.79873, 0.37765242, 0.0029605, 5.4378, Cap, 317.40358, 52.72948
2257-Oct-19 00:00, 02 04 38.14, +10 06 15.0, 02 18 28.14, +11 18 32.4, -2.564, 21.8184, 0.42923859, 0.0007879, 7.5105, Psc, 317.40073, 52.72793
2259-Dec-11 18:00, 05 37 33.45, +25 55 42.1, 05 53 42.77, +26 01 01.1, -1.783, 16.73828, 0.55951376, -0.0089464, 6.2552, Tau, 317.39875, 52.7265
2262-Jan-22 06:00, 08 23 43.90, +23 51 29.1, 08 39 10.32, +22 57 45.2, -1.377, 14.40104, 0.6503213, 0.0083164, 3.718, Cnc, 317.39656, 52.72539
2264-Feb-29 12:00, 10 34 35.35, +13 36 48.7, 10 48 36.02, +12 13 43.5, -1.297, 13.81702, 0.67780916, 0.034746, 2.6749, Leo, 317.3941, 52.72422
2266-Apr-08 06:00, 12 34 20.94, -00 40 52.2, 12 48 02.85, -02 08 26.9, -1.398, 14.65441, 0.63907721, 0.0057588, 4.2559, Vir, 317.39168, 52.72286
2268-May-21 18:00, 14 57 48.31, -17 25 59.4, 15 12 59.94, -18 28 03.1, -1.84, 17.39844, 0.5382839, -0.0272298, 6.7566, Lib, 317.38957, 52.72142
2270-Jul-18 06:00, 19 01 01.33, -28 21 22.8, 19 18 01.07, -27 54 23.1, -2.605, 22.90494, 0.40887691, 0.0216132, 7.2539, Sgr, 317.38752, 52.72023
2272-Sep-23 18:00, 00 23 50.48, -02 50 04.9, 00 37 50.27, -01 19 38.0, -2.761, 24.11609, 0.38834246, -0.0051195, 6.1785, Psc, 317.38457, 52.71894
2274-Nov-22 18:00, 04 20 00.07, +22 34 37.4, 04 36 30.76, +23 10 19.4, -2.009, 18.36282, 0.51001428, 0.0395573, 7.033, Tau, 317.38235, 52.71732
2277-Jan-06 12:00, 07 24 17.74, +26 02 02.8, 07 41 15.31, +25 25 26.0, -1.483, 15.05929, 0.62189523, -0.0177569, 4.693, Gem, 317.3803, 52.71615
2279-Feb-14 18:00, 09 46 35.02, +18 11 57.0, 10 01 55.94, +16 52 22.0, -1.288, 13.87639, 0.67490889, 0.0006956, 2.7598, Leo, 317.37792, 52.71503
2281-Mar-23 18:00, 11 47 18.29, +05 14 44.1, 12 01 44.72, +03 40 52.3, -1.365, 14.14642, 0.66202636, -0.0028757, 3.3809, Vir, 317.37545, 52.71374
2283-May-04 06:00, 13 55 43.24, -10 45 43.1, 14 10 54.89, -12 07 01.8, -1.621, 16.02735, 0.5843325, -0.0383996, 5.7122, Vir, 317.3732, 52.71231
2285-Jun-24 00:00, 17 07 09.94, -26 30 04.8, 17 24 57.75, -26 48 24.5, -2.238, 20.47782, 0.45733883, 0.0037608, 7.8283, Oph, 317.37124, 52.71098
2287-Aug-29 00:00, 22 26 28.32, -16 54 46.2, 22 41 56.53, -15 25 15.2, -2.939, 25.15834, 0.37225435, 0.016782, 4.8939, Aqr, 317.3686, 52.70987
2289-Nov-01 06:00, 02 55 40.71, +15 43 42.9, 03 11 56.40, +16 51 09.8, -2.311, 20.49563, 0.45694139, 0.003305, 7.62, Ari, 317.36596, 52.70824
2291-Dec-21 18:00, 06 18 04.76, +26 34 57.0, 06 36 18.87, +26 23 17.5, -1.682, 16.04043, 0.58385582, -0.0330786, 5.7619, Gem, 317.36399, 52.70691
2294-Jan-31 00:00, 08 54 50.25, +22 05 16.5, 09 11 44.89, +20 54 38.7, -1.322, 14.15072, 0.66182486, 0.0404132, 3.258, Cnc, 317.36173, 52.70582
2296-Mar-08 18:00, 11 01 17.18, +10 42 23.9, 11 16 44.82, +09 05 51.6, -1.266, 13.87636, 0.67491023, -0.0333367, 2.767, Leo, 317.35925, 52.7046
2298-Apr-17 12:00, 13 01 57.00, -04 12 36.1, 13 17 25.80, -05 47 35.9, -1.502, 15.05354, 0.62213269, 0.039009, 4.8607, Vir, 317.35688, 52.70321
2300-Jun-03 06:00, 15 38 11.21, -21 03 29.6, 15 55 48.26, -21 58 30.9, -1.981, 18.34912, 0.51039509, 0.028622, 7.4293, Lib, 317.35485, 52.7018
2302-Aug-02 18:00, 20 14 03.64, -26 29 20.9, 20 32 15.79, -25 30 20.5, -2.797, 24.09658, 0.38865675, -0.0020265, 6.2592, Cap, 317.35263, 52.70067
2304-Oct-09 06:00, 01 21 52.21, +04 48 53.0, 01 37 46.84, +06 23 05.9, -2.587, 22.91013, 0.40878425, -0.0017501, 7.0819, Psc, 317.34968, 52.69923
2306-Dec-04 18:00, 05 04 32.88, +24 51 33.7, 05 23 27.44, +25 12 06.9, -1.886, 17.40707, 0.53801705, 0.007601, 6.6701, Tau, 317.34763, 52.69771
2309-Jan-16 12:00, 07 58 46.66, +24 58 03.2, 08 17 20.19, +24 03 13.4, -1.4, 14.66194, 0.63874898, -0.0315938, 4.1981, Gem, 317.3455, 52.69659
2311-Feb-24 06:00, 10 13 56.44, +15 41 06.3, 10 30 41.96, +14 06 18.2, -1.336, 13.81656, 0.67783173, 0.0484684, 2.6403, Leo, 317.34307, 52.69544
2313-Apr-02 12:00, 12 13 39.19, +01 55 55.2, 12 29 43.99, +00 11 43.0, -1.361, 14.3936, 0.65065714, -0.001354, 3.8177, Vir, 317.34062, 52.69411
2315-May-15 18:00, 14 28 55.73, -14 31 21.1, 14 46 19.76, -15 52 38.4, -1.755, 16.7293, 0.55981436, 0.02928, 6.4746, Lib, 317.33845, 52.69267
2317-Jul-08 06:00, 18 07 44.06, -28 12 27.9, 18 27 47.70, -28 04 13.1, -2.451, 21.81194, 0.42936567, -0.017674, 7.5948, Sgr, 317.33647, 52.69142
2319-Sep-14 06:00, 23 34 02.97, -09 12 57.0, 23 50 32.26, -07 26 32.0, -2.867, 24.8215, 0.37730591, 0.0221721, 5.2937, Aqr, 317.33361, 52.69023
2321-Nov-14 18:00, 03 43 52.76, +20 03 51.7, 04 02 41.32, +21 00 27.0, -2.128, 19.2553, 0.48637506, 0.0258478, 7.3599, Tau, 317.33122, 52.68858
2324-Jan-01 12:00, 06 56 17.71, +26 31 04.9, 07 16 21.68, +26 00 17.6, -1.545, 15.45049, 0.60614902, -0.0027496, 5.1376, Gem, 317.32922, 52.68735
2326-Feb-09 12:00, 09 24 40.04, +19 58 59.9, 09 42 56.96, +18 31 24.5, -1.381, 13.96966, 0.67040281, 0.0268707, 2.9415, Leo, 317.32689, 52.68625
2328-Mar-18 06:00, 11 27 23.05, +07 39 24.4, 11 44 21.09, +05 50 13.9, -1.356, 13.99696, 0.66909507, -0.0263589, 3.0308, Leo, 317.32441, 52.68499
2330-Apr-28 00:00, 13 31 17.87, -07 52 45.6, 13 48 45.17, -09 32 47.3, -1.577, 15.5453, 0.60245221, 0.0334831, 5.4135, Vir, 317.3221, 52.68358
2332-Jun-15 06:00, 16 25 15.35, -24 23 04.0, 16 45 30.70, -25 03 00.3, -2.082, 19.46705, 0.48108479, 0.0048655, 7.7305, Oph, 317.32012, 52.6822
2334-Aug-18 00:00, 21 29 02.06, -22 02 08.6, 21 47 53.32, -20 30 59.7, -2.991, 24.93418, 0.37560095, -0.0039702, 5.2826, Cap, 317.31767, 52.68111
2336-Oct-23 06:00, 02 15 32.23, +11 26 16.9, 02 33 46.44, +12 57 02.6, -2.512, 21.57547, 0.43407163, 0.0310296, 7.4291, Ari, 317.31486, 52.67954
2338-Dec-15 06:00, 05 46 42.15, +26 10 10.0, 06 07 48.57, +26 11 36.6, -1.824, 16.60079, 0.56414791, 0.0174202, 6.1338, Tau, 317.31289, 52.67813
2341-Jan-25 12:00, 08 31 03.53, +23 29 04.0, 08 51 01.53, +22 15 31.8, -1.374, 14.3481, 0.65272046, 0.0375236, 3.6091, Cnc, 317.31068, 52.67703
2343-Mar-04 12:00, 10 41 01.48, +12 55 12.1, 10 59 09.17, +11 05 48.6, -1.341, 13.8234, 0.67749592, -0.0117734, 2.6493, Leo, 317.30822, 52.67585
2345-Apr-11 12:00, 12 40 31.46, -01 30 16.3, 12 58 20.78, -03 23 04.3, -1.421, 14.72355, 0.63607608, 0.0143961, 4.3526, Vir, 317.30581, 52.67449
2347-May-26 12:00, 15 05 58.39, -18 15 46.3, 15 25 50.03, -19 31 58.3, -1.914, 17.56275, 0.53324807, 0.0056241, 6.9919, Lib, 317.30372, 52.67306
2349-Jul-22 06:00, 19 16 02.98, -28 10 03.3, 19 37 49.65, -27 26 39.6, -2.641, 23.13663, 0.40478245, -0.0281312, 6.9564, Sgr, 317.30163, 52.67188
2351-Sep-29 00:00, 00 36 23.57, -01 08 17.3, 00 54 26.98, +00 46 51.4, -2.803, 23.90892, 0.39170733, -0.0162672, 6.4114, Cet, 317.29867, 52.67056
2353-Nov-26 06:00, 04 30 19.16, +23 12 23.7, 04 51 42.68, +23 52 13.8, -2.071, 18.17272, 0.51534939, -0.0172934, 7.1468, Tau, 317.29649, 52.66896
2356-Jan-10 18:00, 07 32 24.90, +25 50 30.8, 07 54 04.54, +24 58 47.2, -1.499, 14.97675, 0.62532241, -0.0169429, 4.6155, Gem, 317.29443, 52.66781
2358-Feb-17 18:00, 09 53 15.66, +17 36 17.6, 10 12 49.26, +15 52 00.0, -1.301, 13.85759, 0.67582436, -0.041787, 2.7394, Leo, 317.29203, 52.66668
2360-Mar-27 00:00, 11 53 15.67, +04 28 25.1, 12 11 45.68, +02 28 04.2, -1.431, 14.18463, 0.66024293, 0.0247688, 3.4858, Vir, 317.28956, 52.66539
2362-May-07 18:00, 14 02 51.93, -11 38 02.9, 14 22 27.86, -13 19 30.1, -1.717, 16.14761, 0.57998064, -0.0287643, 5.8644, Vir, 317.28733, 52.66396
2364-Jun-28 00:00, 17 19 09.51, -26 59 42.8, 17 42 01.59, -27 15 19.4, -2.271, 20.72202, 0.45194924, 0.0153799, 7.8692, Oph, 317.28537, 52.66264
2366-Sep-02 06:00, 22 40 49.08, -15 23 50.3, 23 00 17.62, -13 26 48.8, -2.861, 25.14925, 0.37238887, -0.0206449, 4.9034, Aqr, 317.28268, 52.66152
2368-Nov-05 06:00, 03 06 03.01, +16 47 32.1, 03 26 57.32, +18 08 03.9, -2.312, 20.24641, 0.46256603, 0.0159345, 7.5358, Ari, 317.28009, 52.65988
2370-Dec-25 06:00, 06 26 49.97, +26 38 58.8, 06 49 56.13, +26 18 11.4, -1.712, 15.91283, 0.58853778, 0.0101686, 5.5896, Gem, 317.27812, 52.65858
2373-Feb-03 00:00, 09 02 15.97, +21 35 49.5, 09 23 31.11, +20 02 55.3, -1.349, 14.10801, 0.66382845, -0.0261643, 3.274, Cnc, 317.27584, 52.65749
2375-Mar-13 00:00, 11 07 13.27, +10 00 13.7, 11 26 43.51, +07 57 12.6, -1.282, 13.89131, 0.67418412, 0.0142746, 2.8401, Leo, 317.27336, 52.65627
2377-Apr-20 18:00, 13 08 35.87, -05 04 49.6, 13 28 16.10, -07 03 32.9, -1.576, 15.1361, 0.61873927, 0.0131432, 4.9019, Vir, 317.271, 52.65487
2379-Jun-07 00:00, 15 48 05.01, -21 51 51.1, 16 10 35.17, -22 55 41.2, -1.969, 18.55269, 0.50479466, 0.0063175, 7.4716, Sco, 317.26899, 52.65347
2381-Aug-06 06:00, 20 29 50.03, -25 46 02.1, 20 52 29.35, -24 23 36.5, -2.765, 24.30284, 0.38535821, 0.0023375, 6.1033, Cap, 317.26672, 52.65236
2383-Oct-13 12:00, 01 33 34.10, +06 21 24.3, 01 53 46.72, +08 16 47.9, -2.529, 22.67399, 0.41304159, -0.0082778, 7.1869, Psc, 317.26379, 52.65089
2385-Dec-07 06:00, 05 14 15.41, +25 15 27.5, 05 38 08.09, +25 34 17.6, -1.938, 17.24816, 0.54297389, -0.0005453, 6.6453, Tau, 317.26176, 52.64939
2388-Jan-19 18:00, 08 06 29.88, +24 39 40.5, 08 29 36.47, +23 26 05.8, -1.443, 14.59511, 0.64167395, -0.0239345, 4.0991, Cnc, 317.25961, 52.64827
2390-Feb-26 06:00, 10 20 33.17, +15 01 22.0, 10 41 24.21, +13 00 47.0, -1.301, 13.81251, 0.67803021, -0.008259, 2.6162, Leo, 317.25717, 52.64712
2392-Apr-04 18:00, 12 19 44.10, +01 07 35.4, 12 39 51.95, -01 02 12.1, -1.387, 14.45117, 0.64806522, 0.0064964, 3.9167, Vir, 317.25473, 52.64579
2394-May-18 06:00, 14 36 40.07, -15 22 49.8, 14 58 36.68, -17 00 50.4, -1.732, 16.87219, 0.55507309, 0.0119333, 6.5774, Lib, 317.25258, 52.64435
2396-Jul-11 12:00, 18 21 06.17, -28 23 16.3, 18 46 09.40, -28 04 03.4, -2.529, 22.05682, 0.42459887, 0.0322892, 7.6536, Sgr, 317.25058, 52.64312
2398-Sep-17 12:00, 23 47 26.79, -07 30 15.1, 00 07 56.77, -05 17 02.2, -2.816, 24.68757, 0.37935288, 0.0003868, 5.5186, Aqr, 317.24769, 52.6419
2400-Nov-17 12:00, 03 54 09.68, +20 52 55.6, 04 17 50.82, +21 56 54.7, -2.156, 19.0407, 0.49185694, 0.0234567, 7.3513, Tau, 317.24535, 52.64026
2403-Jan-03 18:00, 07 04 46.98, +26 25 31.9, 07 29 38.77, +25 40 56.3, -1.526, 15.3536, 0.60997435, -0.0225116, 5.0891, Gem, 317.24334, 52.63905
2405-Feb-11 12:00, 09 31 32.36, +19 26 09.4, 09 54 03.62, +17 34 15.3, -1.337, 13.9421, 0.6717281, -0.0277896, 2.9263, Leo, 317.24099, 52.63795
2407-Mar-21 12:00, 11 33 14.40, +06 55 07.9, 11 54 13.20, +04 39 29.5, -1.323, 14.02364, 0.66782214, 0.0072282, 3.1324, Leo, 317.2385, 52.63669
2409-Apr-30 06:00, 13 38 20.42, -08 45 47.5, 14 00 04.33, -10 47 08.0, -1.581, 15.64903, 0.59845873, -0.0243433, 5.4077, Vir, 317.23622, 52.63527
2411-Jun-19 00:00, 16 36 18.53, -25 02 33.0, 17 01 33.89, -25 44 27.3, -2.119, 19.696, 0.47549255, -0.0241282, 7.6832, Sco, 317.23425, 52.63391
2413-Aug-21 12:00, 21 43 54.46, -20 49 44.1, 22 06 51.95, -18 51 38.0, -2.934, 25.02627, 0.37421871, 0.0131843, 5.1554, Cap, 317.23174, 52.63282
2415-Oct-27 06:00, 02 26 28.70, +12 43 05.2, 02 49 15.58, +14 30 23.6, -2.476, 21.31541, 0.43936765, 0.0059782, 7.508, Ari, 317.22897, 52.63123
2417-Dec-17 18:00, 05 55 58.87, +26 22 10.6, 06 22 03.94, +26 16 47.5, -1.732, 16.45219, 0.56924338, 0.0240757, 6.034, Tau, 317.227, 52.62985
2420-Jan-28 18:00, 08 38 27.36, +23 04 45.5, 09 02 52.57, +21 29 36.7, -1.42, 14.29199, 0.65528322, 0.0436245, 3.5143, Cnc, 317.22478, 52.62875
2422-Mar-06 18:00, 10 47 05.24, +12 14 35.6, 11 09 16.97, +09 58 35.3, -1.269, 13.82855, 0.6772438, 0.0240328, 2.6859, Leo, 317.22231, 52.62756
2424-Apr-13 18:00, 12 46 56.41, -02 21 22.1, 13 08 53.14, -04 38 32.5, -1.467, 14.79231, 0.6331193, -0.0062328, 4.4141, Vir, 317.21991, 52.62619
2426-May-29 06:00, 15 14 46.22, -19 06 47.1, 15 39 21.60, -20 34 46.0, -1.876, 17.73828, 0.52797129, 0.0221849, 7.1482, Lib, 317.21784, 52.62477
2428-Jul-25 18:00, 19 31 14.70, -27 53 14.3, 19 57 40.54, -26 50 13.5, -2.753, 23.38773, 0.40043653, 0.0034505, 6.9187, Sgr, 317.21572, 52.62361
2430-Oct-02 12:00, 00 48 39.52, +00 32 25.6, 01 10 50.53, +02 51 19.0, -2.738, 23.7073, 0.39503861, 0.0151296, 6.4614, Cet, 317.21275, 52.62226
2432-Nov-29 00:00, 04 40 00.30, +23 46 34.2, 05 06 21.91, +24 28 13.8, -1.969, 17.99227, 0.52051792, 0.028516, 6.9846, Tau, 317.21061, 52.62068
2435-Jan-13 00:00, 07 40 26.53, +25 37 18.5, 08 06 46.70, +24 28 18.8, -1.548, 14.89794, 0.62863033, -0.0248633, 4.5299, Gem, 317.20853, 52.61954
2437-Feb-20 00:00, 09 59 37.88, +17 01 03.2, 10 23 22.33, +14 51 05.8, -1.254, 13.84431, 0.67647305, -0.0098596, 2.6858, Leo, 317.20612, 52.61841
2439-Mar-30 06:00, 11 59 12.84, +03 41 44.6, 12 21 46.60, +01 15 07.2, -1.408, 14.23075, 0.65810307, 0.0372737, 3.5962, Vir, 317.20366, 52.61711
2441-May-10 06:00, 14 09 58.79, -12 29 24.7, 14 34 02.15, -14 29 23.5, -1.65, 16.27418, 0.57546996, -0.0177948, 6.0326, Vir, 317.20144, 52.61568
2443-Jul-02 00:00, 17 31 28.52, -27 25 48.3, 17 59 23.59, -27 35 03.7, -2.354, 20.96395, 0.44673352, 0.0306108, 7.875, Oph, 317.19948, 52.61438
2445-Sep-05 18:00, 22 54 51.76, -13 49 14.5, 23 18 15.58, -11 24 30.0, -2.837, 25.11055, 0.3729628, 0.0139624, 4.9037, Aqr, 317.19674, 52.61325
2447-Nov-09 00:00, 03 16 53.40, +17 49 38.4, 03 42 32.01, +19 20 43.8, -2.202, 20.0085, 0.46806602, -0.0262431, 7.6819, Ari, 317.1942, 52.6116
2449-Dec-27 12:00, 06 35 54.80, +26 40 04.0, 07 03 52.07, +26 07 41.7, -1.642, 15.79837, 0.59280167, -0.0446103, 5.6122, Gem, 317.19223, 52.61033
2452-Feb-06 06:00, 09 09 02.63, +21 07 42.2, 09 34 37.19, +19 11 23.9, -1.322, 14.07042, 0.66560187, 0.0004817, 3.1618, Cnc, 317.18993, 52.60923
2454-Mar-15 06:00, 11 13 07.01, +09 17 32.7, 11 36 40.57, +06 47 39.0, -1.345, 13.90818, 0.67336634, 0.0444485, 2.9223, Leo, 317.18744, 52.60801
2456-Apr-23 00:00, 13 15 19.78, -05 57 17.7, 13 39 15.45, -08 18 50.6, -1.584, 15.22425, 0.61515685, -0.0324003, 4.9228, Vir, 317.1851, 52.60661
2458-Jun-09 18:00, 15 57 53.00, -22 37 24.3, 16 25 20.94, -23 47 09.1, -2.078, 18.75746, 0.4992841, 0.0095244, 7.5484, Sco, 317.1831, 52.60521
2460-Aug-09 18:00, 20 44 57.30, -24 57 48.2, 21 11 53.31, -23 09 40.6, -2.861, 24.4816, 0.38254444, 0.0250279, 5.9886, Cap, 317.18078, 52.60411
2462-Oct-16 18:00, 01 44 48.20, +07 49 14.5, 02 09 22.17, +10 03 56.0, -2.505, 22.42007, 0.41771954, 0.0018007, 7.2071, Psc, 317.17788, 52.60261
2464-Dec-09 18:00, 05 23 50.93, +25 36 20.6, 05 52 40.98, +25 50 55.7, -1.818, 17.07901, 0.5483513, -0.0191453, 6.5981, Tau, 317.17587, 52.60114
2467-Jan-22 00:00, 08 14 10.67, +24 19 43.6, 08 41 46.39, +22 45 56.7, -1.474, 14.52671, 0.64469519, -0.0319764, 4.0045, Cnc, 317.1737, 52.60004
2469-Feb-28 12:00, 10 26 43.03, +14 23 00.1, 10 51 39.13, +11 56 06.9, -1.367, 13.80869, 0.67821767, 0.0214259, 2.6147, Leo, 317.17125, 52.59888
2471-Apr-08 00:00, 12 25 52.07, +00 18 32.0, 12 50 06.25, -02 16 38.8, -1.456, 14.50705, 0.64556872, 0.0023565, 4.0142, Vir, 317.16882, 52.59753
2473-May-20 18:00, 14 44 55.08, -16 15 40.0, 15 11 31.97, -18 08 25.2, -1.842, 17.02472, 0.55010019, -0.0136409, 6.616, Lib, 317.16669, 52.5961
2475-Jul-15 18:00, 18 35 33.48, -28 28 43.2, 19 05 32.73, -27 54 00.3, -2.619, 22.32397, 0.41951765, 0.029185, 7.5706, Sgr, 317.16467, 52.59489
2477-Sep-21 00:00, 00 00 40.04, -05 45 47.2, 00 25 10.78, -03 06 27.7, -2.805, 24.55023, 0.381475, 0.0151239, 5.6388, Psc, 317.16175, 52.59365
2479-Nov-21 06:00, 04 04 24.42, +21 38 55.9, 04 33 00.84, +22 47 21.0, -2.108, 18.83736, 0.49716635, 0.0289721, 7.3206, Tau, 317.15946, 52.59202
2482-Jan-06 06:00, 07 12 53.19, +26 18 52.2, 07 42 27.47, +25 18 40.0, -1.597, 15.26094, 0.61367788, 0.0329236, 4.8625, Gem, 317.15743, 52.59083
2484-Feb-14 18:00, 09 38 08.70, +18 53 25.7, 10 04 50.16, +16 36 36.0, -1.373, 13.91884, 0.67285048, -0.0049609, 2.846, Leo, 317.15506, 52.58972
2486-Mar-23 18:00, 11 39 12.98, +06 09 40.5, 12 04 12.74, +03 27 35.2, -1.319, 14.05917, 0.66613484, 0.0198415, 3.2283, Vir, 317.15258, 52.58845
2488-May-02 18:00, 13 45 03.07, -09 37 06.0, 14 11 08.85, -11 58 56.7, -1.642, 15.75983, 0.5942514, 0.0047153, 5.6075, Vir, 317.15031, 52.58703
2490-Jun-22 00:00, 16 47 07.95, -25 39 07.9, 17 17 29.11, -26 20 04.3, -2.185, 19.91963, 0.47015425, 0.0255308, 7.8476, Sco, 317.14835, 52.58569
2492-Aug-24 18:00, 21 58 56.43, -19 30 25.1, 22 25 54.36, -17 03 43.8, -2.91, 25.09333, 0.37321865, -0.0137648, 4.9954, Aqr, 317.14579, 52.5846
2494-Oct-30 06:00, 02 37 29.90, +13 57 39.5, 03 04 56.34, +15 58 56.7, -2.363, 21.06192, 0.44465548, 0.0032865, 7.5889, Ari, 317.14307, 52.58299
2496-Dec-20 06:00, 06 05 01.94, +26 31 43.7, 06 36 03.13, +26 16 46.2, -1.793, 16.31975, 0.57386283, 0.033035, 5.9029, Gem, 317.1411, 52.58163
2499-Jan-30 18:00, 08 45 53.02, +22 38 34.7, 09 14 38.67, +20 40 30.7, -1.374, 14.24501, 0.65744422, -0.0321669, 3.5253, Cnc, 317.13885, 52.58054
2501-Mar-09 18:00, 10 53 21.35, +11 32 11.2, 11 19 33.60, +08 49 28.3, -1.293, 13.83654, 0.67685279, -0.0354232, 2.6588, Leo, 317.13638, 52.57935
2503-Apr-18 00:00, 12 53 16.92, -03 11 54.1, 13 19 22.56, -05 52 46.7, -1.545, 14.86523, 0.6300138, -0.0236821, 4.4873, Vir, 317.134, 52.57797
2505-Jun-01 18:00, 15 23 51.70, -19 56 18.4, 15 53 17.02, -21 33 55.2, -1.992, 17.91939, 0.52263503, -0.017686, 7.1164, Lib, 317.13194, 52.57655
2507-Jul-31 00:00, 19 46 19.67, -27 29 41.6, 20 17 18.90, -26 03 57.2, -2.752, 23.62112, 0.39648001, -0.0214399, 6.7396, Sgr, 317.12978, 52.57542
2509-Oct-06 18:00, 01 00 33.46, +02 09 30.7, 01 26 58.25, +04 51 00.2, -2.654, 23.4834, 0.39880507, -0.0003153, 6.6086, Cet, 317.12681, 52.57403
2511-Dec-03 12:00, 04 50 01.38, +24 17 42.1, 05 21 25.05, +24 57 54.4, -2.025, 17.80148, 0.52609673, -0.0217291, 7.0289, Tau, 317.12471, 52.57248
2514-Jan-16 12:00, 07 48 08.67, +25 23 13.3, 08 19 04.95, +23 55 00.8, -1.446, 14.81568, 0.63212078, 0.0391026, 4.2936, Gem, 317.12261, 52.57135
2516-Feb-24 06:00, 10 05 59.17, +16 24 46.3, 10 33 49.80, +13 48 33.3, -1.28, 13.831, 0.67712397, 0.0174148, 2.6457, Leo, 317.12019, 52.57021
2518-Apr-02 12:00, 12 05 14.84, +02 54 07.2, 12 31 51.06, +00 01 44.5, -1.368, 14.27509, 0.65605872, 0.0462781, 3.7023, Vir, 317.11773, 52.5689
2520-May-13 18:00, 14 17 35.12, -13 22 44.0, 14 46 09.27, -15 39 31.1, -1.715, 16.40463, 0.57089385, -0.0178307, 6.1319, Vir, 317.11554, 52.56747
2522-Jul-06 00:00, 17 44 46.31, -27 48 31.1, 18 17 43.67, -27 47 33.0, -2.421, 21.22097, 0.4413229, -0.0032095, 7.7643, Sgr, 317.11357, 52.5662
2524-Sep-10 06:00, 23 09 05.76, -12 09 16.7, 23 36 23.96, -09 16 34.6, -2.934, 25.06533, 0.37363567, 0.0189758, 4.9563, Aqr, 317.11078, 52.56505
2526-Nov-13 00:00, 03 27 18.87, +18 47 53.7, 03 57 49.68, +20 27 15.3, -2.182, 19.78231, 0.47341801, 0.01822, 7.5739, Tau, 317.1083, 52.5634
2528-Dec-31 00:00, 06 44 22.34, +26 39 51.4, 07 17 10.44, +25 53 41.4, -1.59, 15.69125, 0.59684859, -0.0086007, 5.4076, Gem, 317.10631, 52.56215
2531-Feb-09 12:00, 09 15 48.58, +20 38 15.0, 09 45 39.07, +18 17 13.5, -1.315, 14.03742, 0.66716694, 0.0258683, 3.0586, Cnc, 317.10399, 52.56106
2533-Mar-18 06:00, 11 19 25.83, +08 32 01.0, 11 47 00.97, +05 35 10.5, -1.321, 13.93327, 0.67215376, -0.0273259, 2.8817, Leo, 317.10151, 52.55982
2535-Apr-27 12:00, 13 21 34.30, -06 47 01.7, 13 49 46.69, -09 30 19.8, -1.515, 15.3195, 0.61133177, 0.0293764, 5.1799, Vir, 317.09919, 52.55841
2537-Jun-13 12:00, 16 07 42.65, -23 20 39.6, 16 40 10.58, -24 33 31.0, -2.007, 18.95952, 0.49396302, 0.024263, 7.6387, Sco, 317.09719, 52.55703
2539-Aug-15 00:00, 21 00 18.96, -24 01 42.3, 21 31 21.41, -21 45 53.0, -2.969, 24.63696, 0.38013206, 0.0066733, 5.7304, Cap, 317.09482, 52.55594
2541-Oct-20 18:00, 01 56 18.90, +09 15 55.3, 02 25 20.69, +11 47 58.8, -2.522, 22.16605, 0.42250647, -0.0296469, 7.4296, Psc, 317.09195, 52.55442
2543-Dec-14 12:00, 05 32 58.85, +25 55 01.9, 06 06 48.55, +26 03 08.3, -1.878, 16.92618, 0.55330278, 0.0410922, 6.3303, Tau, 317.08996, 52.55297
2546-Jan-25 06:00, 08 21 36.39, +23 58 47.7, 08 53 39.40, +22 03 12.5, -1.441, 14.46846, 0.64729089, -0.0237999, 3.8925, Cnc, 317.08777, 52.55188
2548-Mar-03 12:00, 10 33 05.08, +13 42 35.4, 11 02 05.31, +10 48 41.2, -1.327, 13.80808, 0.67824793, -0.0303057, 2.5886, Leo, 317.08531, 52.55071
2550-Apr-11 06:00, 12 32 01.49, -00 30 46.2, 13 00 24.16, -03 30 47.2, -1.467, 14.56648, 0.6429351, 0.004968, 4.1075, Vir, 317.08289, 52.54936
2552-May-24 06:00, 14 53 15.37, -17 07 26.9, 15 24 37.08, -19 12 38.0, -1.771, 17.18215, 0.54505975, -0.029335, 6.6487, Lib, 317.08078, 52.54793
2554-Jul-20 00:00, 18 49 40.38, -28 28 38.7, 19 24 27.91, -27 35 06.6, -2.633, 22.57888, 0.4147814, 0.0272358, 7.5344, Sgr, 317.07873, 52.54674
2556-Sep-25 06:00, 00 13 26.02, -04 03 46.8, 00 41 58.05, -00 59 26.2, -2.838, 24.38479, 0.38406311, -0.0260478, 5.8608, Psc, 317.07579, 52.54547
2558-Nov-25 00:00, 04 14 26.88, +22 21 05.3, 04 48 01.19, +23 31 26.6, -2.038, 18.62238, 0.50290561, 0.0248416, 7.2505, Tau, 317.07355, 52.54385
2561-Jan-09 12:00, 07 21 20.04, +26 09 12.4, 07 55 33.49, +24 51 18.5, -1.556, 15.16389, 0.61760552, -0.0041091, 4.8176, Gem, 317.0715, 52.54268
2563-Feb-18 00:00, 09 44 38.33, +18 19 57.3, 10 15 28.85, +15 37 18.4, -1.341, 13.89524, 0.6739934, 0.0294833, 2.7725, Leo, 317.06912, 52.54157
2565-Mar-26 18:00, 11 45 29.20, +05 22 05.0, 12 14 32.04, +02 13 27.9, -1.315, 14.0921, 0.66457783, -0.0453622, 3.1818, Vir, 317.06665, 52.54029
2567-May-07 00:00, 13 52 19.69, -10 30 27.0, 14 22 53.48, -13 11 17.6, -1.694, 15.86968, 0.59013784, -0.0397318, 5.5839, Vir, 317.06439, 52.53887
2569-Jun-26 00:00, 16 58 49.81, -26 14 12.4, 17 34 19.69, -26 50 02.0, -2.262, 20.15567, 0.46464846, 0.0339779, 7.9062, Oph, 317.06243, 52.53755
2571-Aug-30 06:00, 22 14 02.84, -18 04 17.7, 22 44 53.74, -15 08 08.0, -2.965, 25.14966, 0.37238281, -0.0026017, 4.8924, Aqr, 317.05982, 52.53645
2573-Nov-03 06:00, 02 48 25.05, +15 09 00.3, 03 20 35.47, +17 21 36.8, -2.29, 20.82051, 0.44981131, 0.0129062, 7.628, Ari, 317.05714, 52.53483
2575-Dec-24 18:00, 06 13 58.16, +26 38 53.2, 06 49 51.68, +26 12 05.3, -1.709, 16.19654, 0.57822837, 0.0443431, 5.755, Gem, 317.05518, 52.5335
2578-Feb-03 00:00, 08 52 58.28, +22 12 16.7, 09 26 00.46, +19 50 24.3, -1.433, 14.20108, 0.65947799, -0.0101753, 3.413, Cnc, 317.05291, 52.53241
2580-Mar-12 00:00, 10 59 21.68, +10 50 21.8, 11 29 34.63, +07 40 42.3, -1.259, 13.85183, 0.67610552, 0.0007727, 2.7095, Leo, 317.05043, 52.53121
2582-Apr-20 06:00, 12 59 40.57, -04 02 39.2, 13 29 59.76, -07 06 40.5, -1.537, 14.94685, 0.62657335, -0.0335033, 4.5605, Vir, 317.04806, 52.52982
2584-Jun-04 12:00, 15 32 44.01, -20 43 50.9, 16 07 06.67, -22 28 50.3, -1.93, 18.0998, 0.51742553, 0.0221706, 7.2905, Lib, 317.04602, 52.52842
2586-Aug-03 06:00, 20 01 26.42, -26 59 31.8, 20 36 50.79, -25 07 52.1, -2.752, 23.83619, 0.39290259, -0.0276021, 6.5486, Sgr, 317.04382, 52.5273
2588-Oct-10 00:00, 01 12 29.33, +03 46 01.8, 01 43 12.89, +06 48 18.0, -2.61, 23.24799, 0.40284341, 0.001175, 6.764, Psc, 317.04086, 52.52588
2590-Dec-06 06:00, 04 59 40.93, +24 46 08.4, 05 36 06.49, +25 22 03.4, -1.924, 17.62269, 0.53143415, -0.0006774, 6.8541, Tau, 317.03879, 52.52435
2593-Jan-18 18:00, 07 55 55.86, +25 06 54.7, 08 31 21.35, +23 17 49.5, -1.412, 14.74476, 0.63516109, 0.0448132, 4.1969, Gem, 317.03667, 52.52323
2595-Feb-26 06:00, 10 12 26.24, +15 46 58.1, 10 44 19.13, +12 44 06.7, -1.269, 13.82136, 0.67759611, -0.0217086, 2.6201, Leo, 317.03424, 52.52209
2597-Apr-04 12:00, 12 11 33.26, +02 04 50.9, 12 42 13.07, -01 12 54.7, -1.4, 14.32122, 0.65394576, -0.0196403, 3.6401, Vir, 317.03179, 52.52077
2599-May-17 06:00, 14 25 06.61, -14 14 32.5, 14 58 17.61, -16 46 45.9, -1.704, 16.53962, 0.56623433, 0.0036949, 6.2577, Lib, 317.02961, 52.51934
