Day,Mauna Kea,Kitt Peak,Calar Alto,Las Campanas,Sutherland,Siding Spring
1,0.64,0.6338266,0.467455621301775,0.945570570570571,0.537837837837838,0.65
2,0.64,0.6338266,0.467455621301775,0.945570570570571,0.537837837837838,0.65
3,0.64,0.6338266,0.467455621301775,0.945570570570571,0.537837837837838,0.65
4,0.64,0.6338266,0.467455621301775,0.945570570570571,0.537837837837838,0.65
5,0.64,0.6338266,0.467455621301775,0.945570570570571,0.537837837837838,0.65
6,0.64,0.6338266,0.467455621301775,0.945570570570571,0.537837837837838,0.65
7,0.64,0.6338266,0.467455621301775,0.945570570570571,0.537837837837838,0.65
8,0.64,0.6338266,0.467455621301775,0.945570570570571,0.537837837837838,0.65
9,0.64,0.6338266,0.467455621301775,0.945570570570571,0.537837837837838,0.65
10,0.64,0.6338266,0.467455621301775,0.945570570570571,0.537837837837838,0.65
11,0.64,0.6338266,0.467455621301775,0.945570570570571,0.537837837837838,0.65
12,0.64,0.6338266,0.467455621301775,0.945570570570571,0.537837837837838,0.65
13,0.64,0.6338266,0.467455621301775,0.945570570570571,0.537837837837838,0.65
14,0.64,0.6338266,0.467455621301775,0.945570570570571,0.537837837837838,0.65
15,0.64,0.6338266,0.467455621301775,0.945570570570571,0.537837837837838,0.65
16,0.64,0.6338266,0.467455621301775,0.945570570570571,0.537837837837838,0.65
17,0.64,0.6338266,0.467455621301775,0.945570570570571,0.537837837837838,0.65
18,0.64,0.6338266,0.467455621301775,0.945570570570571,0.537837837837838,0.65
19,0.64,0.6338266,0.467455621301775,0.945570570570571,0.537837837837838,0.65
20,0.64,0.6338266,0.467455621301775,0.945570570570571,0.537837837837838,0.65
21,0.64,0.6338266,0.467455621301775,0.945570570570571,0.537837837837838,0.65
22,0.64,0.6338266,0.467455621301775,0.945570570570571,0.537837837837838,0.65
23,0.64,0.6338266,0.467455621301775,0.945570570570571,0.537837837837838,0.65
24,0.64,0.6338266,0.467455621301775,0.945570570570571,0.537837837837838,0.65
25,0.64,0.6338266,0.467455621301775,0.945570570570571,0.537837837837838,0.65
26,0.64,0.6338266,0.467455621301775,0.945570570570571,0.537837837837838,0.65
27,0.64,0.6338266,0.467455621301775,0.945570570570571,0.537837837837838,0.65
28,0.64,0.6338266,0.467455621301775,0.945570570570571,0.537837837837838,0.65
29,0.64,0.6338266,0.467455621301775,0.945570570570571,0.537837837837838,0.65
30,0.64,0.6338266,0.467455621301775,0.945570570570571,0.537837837837838,0.65
31,0.64,0.6338266,0.467455621301775,0.945570570570571,0.537837837837838,0.65
32,0.66999996,0.5176634,0.404339250493097,0.972514147130154,0.537837837837838,0.65
33,0.66999996,0.5176634,0.404339250493097,0.972514147130154,0.537837837837838,0.65
34,0.66999996,0.5176634,0.404339250493097,0.972514147130154,0.537837837837838,0.65
35,0.66999996,0.5176634,0.404339250493097,0.972514147130154,0.537837837837838,0.65
36,0.66999996,0.5176634,0.404339250493097,0.972514147130154,0.537837837837838,0.65
37,0.66999996,0.5176634,0.404339250493097,0.972514147130154,0.537837837837838,0.65
38,0.66999996,0.5176634,0.404339250493097,0.972514147130154,0.537837837837838,0.65
39,0.66999996,0.5176634,0.404339250493097,0.972514147130154,0.537837837837838,0.65
40,0.66999996,0.5176634,0.404339250493097,0.972514147130154,0.537837837837838,0.65
41,0.66999996,0.5176634,0.404339250493097,0.972514147130154,0.537837837837838,0.65
42,0.66999996,0.5176634,0.404339250493097,0.972514147130154,0.537837837837838,0.65
43,0.66999996,0.5176634,0.404339250493097,0.972514147130154,0.537837837837838,0.65
44,0.66999996,0.5176634,0.404339250493097,0.972514147130154,0.537837837837838,0.65
45,0.66999996,0.5176634,0.404339250493097,0.972514147130154,0.537837837837838,0.65
46,0.66999996,0.5176634,0.404339250493097,0.972514147130154,0.537837837837838,0.65
47,0.66999996,0.5176634,0.404339250493097,0.972514147130154,0.537837837837838,0.65
48,0.66999996,0.5176634,0.404339250493097,0.972514147130154,0.537837837837838,0.65
49,0.66999996,0.5176634,0.404339250493097,0.972514147130154,0.537837837837838,0.65
50,0.66999996,0.5176634,0.404339250493097,0.972514147130154,0.537837837837838,0.65
51,0.66999996,0.5176634,0.404339250493097,0.972514147130154,0.537837837837838,0.65
52,0.66999996,0.5176634,0.404339250493097,0.972514147130154,0.537837837837838,0.65
53,0.66999996,0.5176634,0.404339250493097,0.972514147130154,0.537837837837838,0.65
54,0.66999996,0.5176634,0.404339250493097,0.972514147130154,0.537837837837838,0.65
55,0.66999996,0.5176634,0.404339250493097,0.972514147130154,0.537837837837838,0.65
56,0.66999996,0.5176634,0.404339250493097,0.972514147130154,0.537837837837838,0.65
57,0.66999996,0.5176634,0.404339250493097,0.972514147130154,0.537837837837838,0.65
58,0.66999996,0.5176634,0.404339250493097,0.972514147130154,0.537837837837838,0.65
59,0.66999996,0.5176634,0.404339250493097,0.972514147130154,0.537837837837838,0.65
60,0.72,0.6640001,0.398422090729783,0.920845272206304,0.537837837837838,0.65
61,0.72,0.6640001,0.398422090729783,0.920845272206304,0.537837837837838,0.65
62,0.72,0.6640001,0.398422090729783,0.920845272206304,0.537837837837838,0.65
63,0.72,0.6640001,0.398422090729783,0.920845272206304,0.537837837837838,0.65
64,0.72,0.6640001,0.398422090729783,0.920845272206304,0.537837837837838,0.65
65,0.72,0.6640001,0.398422090729783,0.920845272206304,0.537837837837838,0.65
66,0.72,0.6640001,0.398422090729783,0.920845272206304,0.537837837837838,0.65
67,0.72,0.6640001,0.398422090729783,0.920845272206304,0.537837837837838,0.65
68,0.72,0.6640001,0.398422090729783,0.920845272206304,0.537837837837838,0.65
69,0.72,0.6640001,0.398422090729783,0.920845272206304,0.537837837837838,0.65
70,0.72,0.6640001,0.398422090729783,0.920845272206304,0.537837837837838,0.65
71,0.72,0.6640001,0.398422090729783,0.920845272206304,0.537837837837838,0.65
72,0.72,0.6640001,0.398422090729783,0.920845272206304,0.537837837837838,0.65
73,0.72,0.6640001,0.398422090729783,0.920845272206304,0.537837837837838,0.65
74,0.72,0.6640001,0.398422090729783,0.920845272206304,0.537837837837838,0.65
75,0.72,0.6640001,0.398422090729783,0.920845272206304,0.537837837837838,0.65
76,0.72,0.6640001,0.398422090729783,0.920845272206304,0.537837837837838,0.65
77,0.72,0.6640001,0.398422090729783,0.920845272206304,0.537837837837838,0.65
78,0.72,0.6640001,0.398422090729783,0.920845272206304,0.537837837837838,0.65
79,0.72,0.6640001,0.398422090729783,0.920845272206304,0.537837837837838,0.65
80,0.72,0.6640001,0.398422090729783,0.920845272206304,0.537837837837838,0.65
81,0.72,0.6640001,0.398422090729783,0.920845272206304,0.537837837837838,0.65
82,0.72,0.6640001,0.398422090729783,0.920845272206304,0.537837837837838,0.65
83,0.72,0.6640001,0.398422090729783,0.920845272206304,0.537837837837838,0.65
84,0.72,0.6640001,0.398422090729783,0.920845272206304,0.537837837837838,0.65
85,0.72,0.6640001,0.398422090729783,0.920845272206304,0.537837837837838,0.65
86,0.72,0.6640001,0.398422090729783,0.920845272206304,0.537837837837838,0.65
87,0.72,0.6640001,0.398422090729783,0.920845272206304,0.537837837837838,0.65
88,0.72,0.6640001,0.398422090729783,0.920845272206304,0.537837837837838,0.65
89,0.72,0.6640001,0.398422090729783,0.920845272206304,0.537837837837838,0.65
90,0.72,0.6640001,0.398422090729783,0.920845272206304,0.537837837837838,0.65
91,0.72,0.6998106,0.378698224852071,0.812016218208625,0.537837837837838,0.65
92,0.72,0.6998106,0.378698224852071,0.812016218208625,0.537837837837838,0.65
93,0.72,0.6998106,0.378698224852071,0.812016218208625,0.537837837837838,0.65
94,0.72,0.6998106,0.378698224852071,0.812016218208625,0.537837837837838,0.65
95,0.72,0.6998106,0.378698224852071,0.812016218208625,0.537837837837838,0.65
96,0.72,0.6998106,0.378698224852071,0.812016218208625,0.537837837837838,0.65
97,0.72,0.6998106,0.378698224852071,0.812016218208625,0.537837837837838,0.65
98,0.72,0.6998106,0.378698224852071,0.812016218208625,0.537837837837838,0.65
99,0.72,0.6998106,0.378698224852071,0.812016218208625,0.537837837837838,0.65
100,0.72,0.6998106,0.378698224852071,0.812016218208625,0.537837837837838,0.65
101,0.72,0.6998106,0.378698224852071,0.812016218208625,0.537837837837838,0.65
102,0.72,0.6998106,0.378698224852071,0.812016218208625,0.537837837837838,0.65
103,0.72,0.6998106,0.378698224852071,0.812016218208625,0.537837837837838,0.65
104,0.72,0.6998106,0.378698224852071,0.812016218208625,0.537837837837838,0.65
105,0.72,0.6998106,0.378698224852071,0.812016218208625,0.537837837837838,0.65
106,0.72,0.6998106,0.378698224852071,0.812016218208625,0.537837837837838,0.65
107,0.72,0.6998106,0.378698224852071,0.812016218208625,0.537837837837838,0.65
108,0.72,0.6998106,0.378698224852071,0.812016218208625,0.537837837837838,0.65
109,0.72,0.6998106,0.378698224852071,0.812016218208625,0.537837837837838,0.65
110,0.72,0.6998106,0.378698224852071,0.812016218208625,0.537837837837838,0.65
111,0.72,0.6998106,0.378698224852071,0.812016218208625,0.537837837837838,0.65
112,0.72,0.6998106,0.378698224852071,0.812016218208625,0.537837837837838,0.65
113,0.72,0.6998106,0.378698224852071,0.812016218208625,0.537837837837838,0.65
114,0.72,0.6998106,0.378698224852071,0.812016218208625,0.537837837837838,0.65
115,0.72,0.6998106,0.378698224852071,0.812016218208625,0.537837837837838,0.65
116,0.72,0.6998106,0.378698224852071,0.812016218208625,0.537837837837838,0.65
117,0.72,0.6998106,0.378698224852071,0.812016218208625,0.537837837837838,0.65
118,0.72,0.6998106,0.378698224852071,0.812016218208625,0.537837837837838,0.65
119,0.72,0.6998106,0.378698224852071,0.812016218208625,0.537837837837838,0.65
120,0.72,0.6998106,0.378698224852071,0.812016218208625,0.537837837837838,0.65
121,0.78499997,0.7829793,0.366863905325444,0.730050323508267,0.537837837837838,0.65
122,0.78499997,0.7829793,0.366863905325444,0.730050323508267,0.537837837837838,0.65
123,0.78499997,0.7829793,0.366863905325444,0.730050323508267,0.537837837837838,0.65
124,0.78499997,0.7829793,0.366863905325444,0.730050323508267,0.537837837837838,0.65
125,0.78499997,0.7829793,0.366863905325444,0.730050323508267,0.537837837837838,0.65
126,0.78499997,0.7829793,0.366863905325444,0.730050323508267,0.537837837837838,0.65
127,0.78499997,0.7829793,0.366863905325444,0.730050323508267,0.537837837837838,0.65
128,0.78499997,0.7829793,0.366863905325444,0.730050323508267,0.537837837837838,0.65
129,0.78499997,0.7829793,0.366863905325444,0.730050323508267,0.537837837837838,0.65
130,0.78499997,0.7829793,0.366863905325444,0.730050323508267,0.537837837837838,0.65
131,0.78499997,0.7829793,0.366863905325444,0.730050323508267,0.537837837837838,0.65
132,0.78499997,0.7829793,0.366863905325444,0.730050323508267,0.537837837837838,0.65
133,0.78499997,0.7829793,0.366863905325444,0.730050323508267,0.537837837837838,0.65
134,0.78499997,0.7829793,0.366863905325444,0.730050323508267,0.537837837837838,0.65
135,0.78499997,0.7829793,0.366863905325444,0.730050323508267,0.537837837837838,0.65
136,0.78499997,0.7829793,0.366863905325444,0.730050323508267,0.537837837837838,0.65
137,0.78499997,0.7829793,0.366863905325444,0.730050323508267,0.537837837837838,0.65
138,0.78499997,0.7829793,0.366863905325444,0.730050323508267,0.537837837837838,0.65
139,0.78499997,0.7829793,0.366863905325444,0.730050323508267,0.537837837837838,0.65
140,0.78499997,0.7829793,0.366863905325444,0.730050323508267,0.537837837837838,0.65
141,0.78499997,0.7829793,0.366863905325444,0.730050323508267,0.537837837837838,0.65
142,0.78499997,0.7829793,0.366863905325444,0.730050323508267,0.537837837837838,0.65
143,0.78499997,0.7829793,0.366863905325444,0.730050323508267,0.537837837837838,0.65
144,0.78499997,0.7829793,0.366863905325444,0.730050323508267,0.537837837837838,0.65
145,0.78499997,0.7829793,0.366863905325444,0.730050323508267,0.537837837837838,0.65
146,0.78499997,0.7829793,0.366863905325444,0.730050323508267,0.537837837837838,0.65
147,0.78499997,0.7829793,0.366863905325444,0.730050323508267,0.537837837837838,0.65
148,0.78499997,0.7829793,0.366863905325444,0.730050323508267,0.537837837837838,0.65
149,0.78499997,0.7829793,0.366863905325444,0.730050323508267,0.537837837837838,0.65
150,0.78499997,0.7829793,0.366863905325444,0.730050323508267,0.537837837837838,0.65
151,0.78499997,0.7829793,0.366863905325444,0.730050323508267,0.537837837837838,0.65
152,0.8,0.7181318,0.611439842209073,0.697373905794081,0.537837837837838,0.65
153,0.8,0.7181318,0.611439842209073,0.697373905794081,0.537837837837838,0.65
154,0.8,0.7181318,0.611439842209073,0.697373905794081,0.537837837837838,0.65
155,0.8,0.7181318,0.611439842209073,0.697373905794081,0.537837837837838,0.65
156,0.8,0.7181318,0.611439842209073,0.697373905794081,0.537837837837838,0.65
157,0.8,0.7181318,0.611439842209073,0.697373905794081,0.537837837837838,0.65
158,0.8,0.7181318,0.611439842209073,0.697373905794081,0.537837837837838,0.65
159,0.8,0.7181318,0.611439842209073,0.697373905794081,0.537837837837838,0.65
160,0.8,0.7181318,0.611439842209073,0.697373905794081,0.537837837837838,0.65
161,0.8,0.7181318,0.611439842209073,0.697373905794081,0.537837837837838,0.65
162,0.8,0.7181318,0.611439842209073,0.697373905794081,0.537837837837838,0.65
163,0.8,0.7181318,0.611439842209073,0.697373905794081,0.537837837837838,0.65
164,0.8,0.7181318,0.611439842209073,0.697373905794081,0.537837837837838,0.65
165,0.8,0.7181318,0.611439842209073,0.697373905794081,0.537837837837838,0.65
166,0.8,0.7181318,0.611439842209073,0.697373905794081,0.537837837837838,0.65
167,0.8,0.7181318,0.611439842209073,0.697373905794081,0.537837837837838,0.65
168,0.8,0.7181318,0.611439842209073,0.697373905794081,0.537837837837838,0.65
169,0.8,0.7181318,0.611439842209073,0.697373905794081,0.537837837837838,0.65
170,0.8,0.7181318,0.611439842209073,0.697373905794081,0.537837837837838,0.65
171,0.8,0.7181318,0.611439842209073,0.697373905794081,0.537837837837838,0.65
172,0.8,0.7181318,0.611439842209073,0.697373905794081,0.537837837837838,0.65
173,0.8,0.7181318,0.611439842209073,0.697373905794081,0.537837837837838,0.65
174,0.8,0.7181318,0.611439842209073,0.697373905794081,0.537837837837838,0.65
175,0.8,0.7181318,0.611439842209073,0.697373905794081,0.537837837837838,0.65
176,0.8,0.7181318,0.611439842209073,0.697373905794081,0.537837837837838,0.65
177,0.8,0.7181318,0.611439842209073,0.697373905794081,0.537837837837838,0.65
178,0.8,0.7181318,0.611439842209073,0.697373905794081,0.537837837837838,0.65
179,0.8,0.7181318,0.611439842209073,0.697373905794081,0.537837837837838,0.65
180,0.8,0.7181318,0.611439842209073,0.697373905794081,0.537837837837838,0.65
181,0.8,0.7181318,0.611439842209073,0.697373905794081,0.537837837837838,0.65
182,0.87,0.3967055,0.775147928994083,0.76248992747784,0.537837837837838,0.65
183,0.87,0.3967055,0.775147928994083,0.76248992747784,0.634594594594595,0.65
184,0.87,0.3967055,0.775147928994083,0.76248992747784,0.634594594594595,0.65
185,0.87,0.3967055,0.775147928994083,0.76248992747784,0.634594594594595,0.65
186,0.87,0.3967055,0.775147928994083,0.76248992747784,0.634594594594595,0.65
187,0.87,0.3967055,0.775147928994083,0.76248992747784,0.634594594594595,0.65
188,0.87,0.3967055,0.775147928994083,0.76248992747784,0.634594594594595,0.65
189,0.87,0.3967055,0.775147928994083,0.76248992747784,0.634594594594595,0.65
190,0.87,0.3967055,0.775147928994083,0.76248992747784,0.634594594594595,0.65
191,0.87,0.3967055,0.775147928994083,0.76248992747784,0.634594594594595,0.65
192,0.87,0.3967055,0.775147928994083,0.76248992747784,0.634594594594595,0.65
193,0.87,0.3967055,0.775147928994083,0.76248992747784,0.634594594594595,0.65
194,0.87,0.3967055,0.775147928994083,0.76248992747784,0.634594594594595,0.65
195,0.87,0.3967055,0.775147928994083,0.76248992747784,0.634594594594595,0.65
196,0.87,0.3967055,0.775147928994083,0.76248992747784,0.634594594594595,0.65
197,0.87,0.3967055,0.775147928994083,0.76248992747784,0.634594594594595,0.65
198,0.87,0.3967055,0.775147928994083,0.76248992747784,0.634594594594595,0.65
199,0.87,0.3967055,0.775147928994083,0.76248992747784,0.634594594594595,0.65
200,0.87,0.3967055,0.775147928994083,0.76248992747784,0.634594594594595,0.65
201,0.87,0.3967055,0.775147928994083,0.76248992747784,0.634594594594595,0.65
202,0.87,0.3967055,0.775147928994083,0.76248992747784,0.634594594594595,0.65
203,0.87,0.3967055,0.775147928994083,0.76248992747784,0.634594594594595,0.65
204,0.87,0.3967055,0.775147928994083,0.76248992747784,0.634594594594595,0.65
205,0.87,0.3967055,0.775147928994083,0.76248992747784,0.634594594594595,0.65
206,0.87,0.3967055,0.775147928994083,0.76248992747784,0.634594594594595,0.65
207,0.87,0.3967055,0.775147928994083,0.76248992747784,0.634594594594595,0.65
208,0.87,0.3967055,0.775147928994083,0.76248992747784,0.634594594594595,0.65
209,0.87,0.3967055,0.775147928994083,0.76248992747784,0.634594594594595,0.65
210,0.87,0.3967055,0.775147928994083,0.76248992747784,0.634594594594595,0.65
211,0.87,0.3967055,0.775147928994083,0.76248992747784,0.634594594594595,0.65
212,0.87,0.3967055,0.775147928994083,0.76248992747784,0.634594594594595,0.65
213,0.78499997,0.519358,0.715976331360947,0.764705882352941,0.634594594594595,0.65
214,0.78499997,0.519358,0.715976331360947,0.764705882352941,0.634594594594595,0.65
215,0.78499997,0.519358,0.715976331360947,0.764705882352941,0.634594594594595,0.65
216,0.78499997,0.519358,0.715976331360947,0.764705882352941,0.634594594594595,0.65
217,0.78499997,0.519358,0.715976331360947,0.764705882352941,0.634594594594595,0.65
218,0.78499997,0.519358,0.715976331360947,0.764705882352941,0.634594594594595,0.65
219,0.78499997,0.519358,0.715976331360947,0.764705882352941,0.634594594594595,0.65
220,0.78499997,0.519358,0.715976331360947,0.764705882352941,0.634594594594595,0.65
221,0.78499997,0.519358,0.715976331360947,0.764705882352941,0.634594594594595,0.65
222,0.78499997,0.519358,0.715976331360947,0.764705882352941,0.634594594594595,0.65
223,0.78499997,0.519358,0.715976331360947,0.764705882352941,0.634594594594595,0.65
224,0.78499997,0.519358,0.715976331360947,0.764705882352941,0.634594594594595,0.65
225,0.78499997,0.519358,0.715976331360947,0.764705882352941,0.634594594594595,0.65
226,0.78499997,0.519358,0.715976331360947,0.764705882352941,0.634594594594595,0.65
227,0.78499997,0.519358,0.715976331360947,0.764705882352941,0.634594594594595,0.65
228,0.78499997,0.519358,0.715976331360947,0.764705882352941,0.634594594594595,0.65
229,0.78499997,0.519358,0.715976331360947,0.764705882352941,0.634594594594595,0.65
230,0.78499997,0.519358,0.715976331360947,0.764705882352941,0.634594594594595,0.65
231,0.78499997,0.519358,0.715976331360947,0.764705882352941,0.634594594594595,0.65
232,0.78499997,0.519358,0.715976331360947,0.764705882352941,0.634594594594595,0.65
233,0.78499997,0.519358,0.715976331360947,0.764705882352941,0.634594594594595,0.65
234,0.78499997,0.519358,0.715976331360947,0.764705882352941,0.634594594594595,0.65
235,0.78499997,0.519358,0.715976331360947,0.764705882352941,0.634594594594595,0.65
236,0.78499997,0.519358,0.715976331360947,0.764705882352941,0.634594594594595,0.65
237,0.78499997,0.519358,0.715976331360947,0.764705882352941,0.634594594594595,0.65
238,0.78499997,0.519358,0.715976331360947,0.764705882352941,0.634594594594595,0.65
239,0.78499997,0.519358,0.715976331360947,0.764705882352941,0.634594594594595,0.65
240,0.78499997,0.519358,0.715976331360947,0.764705882352941,0.634594594594595,0.65
241,0.78499997,0.519358,0.715976331360947,0.764705882352941,0.634594594594595,0.65
242,0.78499997,0.519358,0.715976331360947,0.764705882352941,0.634594594594595,0.65
243,0.78499997,0.519358,0.715976331360947,0.764705882352941,0.634594594594595,0.65
244,0.8,0.6874053,0.518737672583826,0.829446064139942,0.634594594594595,0.65
245,0.8,0.6874053,0.518737672583826,0.829446064139942,0.634594594594595,0.65
246,0.8,0.6874053,0.518737672583826,0.829446064139942,0.634594594594595,0.65
247,0.8,0.6874053,0.518737672583826,0.829446064139942,0.634594594594595,0.65
248,0.8,0.6874053,0.518737672583826,0.829446064139942,0.634594594594595,0.65
249,0.8,0.6874053,0.518737672583826,0.829446064139942,0.634594594594595,0.65
250,0.8,0.6874053,0.518737672583826,0.829446064139942,0.634594594594595,0.65
251,0.8,0.6874053,0.518737672583826,0.829446064139942,0.634594594594595,0.65
252,0.8,0.6874053,0.518737672583826,0.829446064139942,0.634594594594595,0.65
253,0.8,0.6874053,0.518737672583826,0.829446064139942,0.634594594594595,0.65
254,0.8,0.6874053,0.518737672583826,0.829446064139942,0.634594594594595,0.65
255,0.8,0.6874053,0.518737672583826,0.829446064139942,0.634594594594595,0.65
256,0.8,0.6874053,0.518737672583826,0.829446064139942,0.634594594594595,0.65
257,0.8,0.6874053,0.518737672583826,0.829446064139942,0.634594594594595,0.65
258,0.8,0.6874053,0.518737672583826,0.829446064139942,0.634594594594595,0.65
259,0.8,0.6874053,0.518737672583826,0.829446064139942,0.634594594594595,0.65
260,0.8,0.6874053,0.518737672583826,0.829446064139942,0.634594594594595,0.65
261,0.8,0.6874053,0.518737672583826,0.829446064139942,0.634594594594595,0.65
262,0.8,0.6874053,0.518737672583826,0.829446064139942,0.634594594594595,0.65
263,0.8,0.6874053,0.518737672583826,0.829446064139942,0.634594594594595,0.65
264,0.8,0.6874053,0.518737672583826,0.829446064139942,0.634594594594595,0.65
265,0.8,0.6874053,0.518737672583826,0.829446064139942,0.634594594594595,0.65
266,0.8,0.6874053,0.518737672583826,0.829446064139942,0.634594594594595,0.65
267,0.8,0.6874053,0.518737672583826,0.829446064139942,0.634594594594595,0.65
268,0.8,0.6874053,0.518737672583826,0.829446064139942,0.634594594594595,0.65
269,0.8,0.6874053,0.518737672583826,0.829446064139942,0.634594594594595,0.65
270,0.8,0.6874053,0.518737672583826,0.829446064139942,0.634594594594595,0.65
271,0.8,0.6874053,0.518737672583826,0.829446064139942,0.634594594594595,0.65
272,0.8,0.6874053,0.518737672583826,0.829446064139942,0.634594594594595,0.65
273,0.8,0.6874053,0.518737672583826,0.829446064139942,0.634594594594595,0.65
274,0.8,0.6679577,0.435897435897436,0.85889694041868,0.634594594594595,0.65
275,0.8,0.6679577,0.435897435897436,0.85889694041868,0.634594594594595,0.65
276,0.8,0.6679577,0.435897435897436,0.85889694041868,0.634594594594595,0.65
277,0.8,0.6679577,0.435897435897436,0.85889694041868,0.634594594594595,0.65
278,0.8,0.6679577,0.435897435897436,0.85889694041868,0.634594594594595,0.65
279,0.8,0.6679577,0.435897435897436,0.85889694041868,0.634594594594595,0.65
280,0.8,0.6679577,0.435897435897436,0.85889694041868,0.634594594594595,0.65
281,0.8,0.6679577,0.435897435897436,0.85889694041868,0.634594594594595,0.65
282,0.8,0.6679577,0.435897435897436,0.85889694041868,0.634594594594595,0.65
283,0.8,0.6679577,0.435897435897436,0.85889694041868,0.634594594594595,0.65
284,0.8,0.6679577,0.435897435897436,0.85889694041868,0.634594594594595,0.65
285,0.8,0.6679577,0.435897435897436,0.85889694041868,0.634594594594595,0.65
286,0.8,0.6679577,0.435897435897436,0.85889694041868,0.634594594594595,0.65
287,0.8,0.6679577,0.435897435897436,0.85889694041868,0.634594594594595,0.65
288,0.8,0.6679577,0.435897435897436,0.85889694041868,0.634594594594595,0.65
289,0.8,0.6679577,0.435897435897436,0.85889694041868,0.634594594594595,0.65
290,0.8,0.6679577,0.435897435897436,0.85889694041868,0.634594594594595,0.65
291,0.8,0.6679577,0.435897435897436,0.85889694041868,0.634594594594595,0.65
292,0.8,0.6679577,0.435897435897436,0.85889694041868,0.634594594594595,0.65
293,0.8,0.6679577,0.435897435897436,0.85889694041868,0.634594594594595,0.65
294,0.8,0.6679577,0.435897435897436,0.85889694041868,0.634594594594595,0.65
295,0.8,0.6679577,0.435897435897436,0.85889694041868,0.634594594594595,0.65
296,0.8,0.6679577,0.435897435897436,0.85889694041868,0.634594594594595,0.65
297,0.8,0.6679577,0.435897435897436,0.85889694041868,0.634594594594595,0.65
298,0.8,0.6679577,0.435897435897436,0.85889694041868,0.634594594594595,0.65
299,0.8,0.6679577,0.435897435897436,0.85889694041868,0.634594594594595,0.65
300,0.8,0.6679577,0.435897435897436,0.85889694041868,0.634594594594595,0.65
301,0.8,0.6679577,0.435897435897436,0.85889694041868,0.634594594594595,0.65
302,0.8,0.6679577,0.435897435897436,0.85889694041868,0.634594594594595,0.65
303,0.8,0.6679577,0.435897435897436,0.85889694041868,0.634594594594595,0.65
304,0.8,0.6679577,0.435897435897436,0.85889694041868,0.634594594594595,0.65
305,0.7525,0.6642944,0.384615384615385,0.931174957118353,0.634594594594595,0.65
306,0.7525,0.6642944,0.384615384615385,0.931174957118353,0.634594594594595,0.65
307,0.7525,0.6642944,0.384615384615385,0.931174957118353,0.634594594594595,0.65
308,0.7525,0.6642944,0.384615384615385,0.931174957118353,0.634594594594595,0.65
309,0.7525,0.6642944,0.384615384615385,0.931174957118353,0.634594594594595,0.65
310,0.7525,0.6642944,0.384615384615385,0.931174957118353,0.634594594594595,0.65
311,0.7525,0.6642944,0.384615384615385,0.931174957118353,0.634594594594595,0.65
312,0.7525,0.6642944,0.384615384615385,0.931174957118353,0.634594594594595,0.65
313,0.7525,0.6642944,0.384615384615385,0.931174957118353,0.634594594594595,0.65
314,0.7525,0.6642944,0.384615384615385,0.931174957118353,0.634594594594595,0.65
315,0.7525,0.6642944,0.384615384615385,0.931174957118353,0.634594594594595,0.65
316,0.7525,0.6642944,0.384615384615385,0.931174957118353,0.634594594594595,0.65
317,0.7525,0.6642944,0.384615384615385,0.931174957118353,0.634594594594595,0.65
318,0.7525,0.6642944,0.384615384615385,0.931174957118353,0.634594594594595,0.65
319,0.7525,0.6642944,0.384615384615385,0.931174957118353,0.634594594594595,0.65
320,0.7525,0.6642944,0.384615384615385,0.931174957118353,0.634594594594595,0.65
321,0.7525,0.6642944,0.384615384615385,0.931174957118353,0.634594594594595,0.65
322,0.7525,0.6642944,0.384615384615385,0.931174957118353,0.634594594594595,0.65
323,0.7525,0.6642944,0.384615384615385,0.931174957118353,0.634594594594595,0.65
324,0.7525,0.6642944,0.384615384615385,0.931174957118353,0.634594594594595,0.65
325,0.7525,0.6642944,0.384615384615385,0.931174957118353,0.634594594594595,0.65
326,0.7525,0.6642944,0.384615384615385,0.931174957118353,0.634594594594595,0.65
327,0.7525,0.6642944,0.384615384615385,0.931174957118353,0.634594594594595,0.65
328,0.7525,0.6642944,0.384615384615385,0.931174957118353,0.634594594594595,0.65
329,0.7525,0.6642944,0.384615384615385,0.931174957118353,0.634594594594595,0.65
330,0.7525,0.6642944,0.384615384615385,0.931174957118353,0.634594594594595,0.65
331,0.7525,0.6642944,0.384615384615385,0.931174957118353,0.634594594594595,0.65
332,0.7525,0.6642944,0.384615384615385,0.931174957118353,0.634594594594595,0.65
333,0.7525,0.6642944,0.384615384615385,0.931174957118353,0.634594594594595,0.65
334,0.7525,0.6642944,0.384615384615385,0.931174957118353,0.634594594594595,0.65
335,0.795,0.6093052,0.31163708086785,0.945012264922322,0.634594594594595,0.65
336,0.795,0.6093052,0.31163708086785,0.945012264922322,0.634594594594595,0.65
337,0.795,0.6093052,0.31163708086785,0.945012264922322,0.634594594594595,0.65
338,0.795,0.6093052,0.31163708086785,0.945012264922322,0.634594594594595,0.65
339,0.795,0.6093052,0.31163708086785,0.945012264922322,0.634594594594595,0.65
340,0.795,0.6093052,0.31163708086785,0.945012264922322,0.634594594594595,0.65
341,0.795,0.6093052,0.31163708086785,0.945012264922322,0.634594594594595,0.65
342,0.795,0.6093052,0.31163708086785,0.945012264922322,0.634594594594595,0.65
343,0.795,0.6093052,0.31163708086785,0.945012264922322,0.634594594594595,0.65
344,0.795,0.6093052,0.31163708086785,0.945012264922322,0.634594594594595,0.65
345,0.795,0.6093052,0.31163708086785,0.945012264922322,0.634594594594595,0.65
346,0.795,0.6093052,0.31163708086785,0.945012264922322,0.634594594594595,0.65
347,0.795,0.6093052,0.31163708086785,0.945012264922322,0.634594594594595,0.65
348,0.795,0.6093052,0.31163708086785,0.945012264922322,0.634594594594595,0.65
349,0.795,0.6093052,0.31163708086785,0.945012264922322,0.634594594594595,0.65
350,0.795,0.6093052,0.31163708086785,0.945012264922322,0.634594594594595,0.65
351,0.795,0.6093052,0.31163708086785,0.945012264922322,0.634594594594595,0.65
352,0.795,0.6093052,0.31163708086785,0.945012264922322,0.634594594594595,0.65
353,0.795,0.6093052,0.31163708086785,0.945012264922322,0.634594594594595,0.65
354,0.795,0.6093052,0.31163708086785,0.945012264922322,0.634594594594595,0.65
355,0.795,0.6093052,0.31163708086785,0.945012264922322,0.634594594594595,0.65
356,0.795,0.6093052,0.31163708086785,0.945012264922322,0.634594594594595,0.65
357,0.795,0.6093052,0.31163708086785,0.945012264922322,0.634594594594595,0.65
358,0.795,0.6093052,0.31163708086785,0.945012264922322,0.634594594594595,0.65
359,0.795,0.6093052,0.31163708086785,0.945012264922322,0.634594594594595,0.65
360,0.795,0.6093052,0.31163708086785,0.945012264922322,0.634594594594595,0.65
361,0.795,0.6093052,0.31163708086785,0.945012264922322,0.634594594594595,0.65
362,0.795,0.6093052,0.31163708086785,0.945012264922322,0.634594594594595,0.65
363,0.795,0.6093052,0.31163708086785,0.945012264922322,0.634594594594595,0.65
364,0.795,0.6093052,0.31163708086785,0.945012264922322,0.634594594594595,0.65
365,0.795,0.6093052,0.31163708086785,0.945012264922322,0.634594594594595,0.65
