Day,Month,CTIO,CalarAlto1,CalarAlto2,KPNO,LaSilla,Magellan,MaunaKea,MMT,SSO,Sutherland,WIYN
1,1,0.97,0.456521739130435,0.467455621301775,0.64,0.945570570570571,0.761688406705966,0.64,0.694386694386694,0.65,0.537837837837838,0.6338266
2,1,0.97,0.456521739130435,0.467455621301775,0.64,0.945570570570571,0.761688406705966,0.64,0.694386694386694,0.65,0.537837837837838,0.6338266
3,1,0.97,0.456521739130435,0.467455621301775,0.64,0.945570570570571,0.761688406705966,0.64,0.694386694386694,0.65,0.537837837837838,0.6338266
4,1,0.97,0.456521739130435,0.467455621301775,0.64,0.945570570570571,0.761688406705966,0.64,0.694386694386694,0.65,0.537837837837838,0.6338266
5,1,0.97,0.456521739130435,0.467455621301775,0.64,0.945570570570571,0.761688406705966,0.64,0.694386694386694,0.65,0.537837837837838,0.6338266
6,1,0.97,0.456521739130435,0.467455621301775,0.64,0.945570570570571,0.761688406705966,0.64,0.694386694386694,0.65,0.537837837837838,0.6338266
7,1,0.97,0.456521739130435,0.467455621301775,0.64,0.945570570570571,0.761688406705966,0.64,0.694386694386694,0.65,0.537837837837838,0.6338266
8,1,0.97,0.456521739130435,0.467455621301775,0.64,0.945570570570571,0.761688406705966,0.64,0.694386694386694,0.65,0.537837837837838,0.6338266
9,1,0.97,0.456521739130435,0.467455621301775,0.64,0.945570570570571,0.761688406705966,0.64,0.694386694386694,0.65,0.537837837837838,0.6338266
10,1,0.97,0.456521739130435,0.467455621301775,0.64,0.945570570570571,0.761688406705966,0.64,0.694386694386694,0.65,0.537837837837838,0.6338266
11,1,0.97,0.456521739130435,0.467455621301775,0.64,0.945570570570571,0.761688406705966,0.64,0.694386694386694,0.65,0.537837837837838,0.6338266
12,1,0.97,0.456521739130435,0.467455621301775,0.64,0.945570570570571,0.761688406705966,0.64,0.694386694386694,0.65,0.537837837837838,0.6338266
13,1,0.97,0.456521739130435,0.467455621301775,0.64,0.945570570570571,0.761688406705966,0.64,0.694386694386694,0.65,0.537837837837838,0.6338266
14,1,0.97,0.456521739130435,0.467455621301775,0.64,0.945570570570571,0.761688406705966,0.64,0.694386694386694,0.65,0.537837837837838,0.6338266
15,1,0.97,0.456521739130435,0.467455621301775,0.64,0.945570570570571,0.761688406705966,0.64,0.694386694386694,0.65,0.537837837837838,0.6338266
16,1,0.97,0.456521739130435,0.467455621301775,0.64,0.945570570570571,0.761688406705966,0.64,0.694386694386694,0.65,0.537837837837838,0.6338266
17,1,0.97,0.456521739130435,0.467455621301775,0.64,0.945570570570571,0.761688406705966,0.64,0.694386694386694,0.65,0.537837837837838,0.6338266
18,1,0.97,0.456521739130435,0.467455621301775,0.64,0.945570570570571,0.761688406705966,0.64,0.694386694386694,0.65,0.537837837837838,0.6338266
19,1,0.97,0.456521739130435,0.467455621301775,0.64,0.945570570570571,0.761688406705966,0.64,0.694386694386694,0.65,0.537837837837838,0.6338266
20,1,0.97,0.456521739130435,0.467455621301775,0.64,0.945570570570571,0.761688406705966,0.64,0.694386694386694,0.65,0.537837837837838,0.6338266
21,1,0.97,0.456521739130435,0.467455621301775,0.64,0.945570570570571,0.761688406705966,0.64,0.694386694386694,0.65,0.537837837837838,0.6338266
22,1,0.97,0.456521739130435,0.467455621301775,0.64,0.945570570570571,0.761688406705966,0.64,0.694386694386694,0.65,0.537837837837838,0.6338266
23,1,0.97,0.456521739130435,0.467455621301775,0.64,0.945570570570571,0.761688406705966,0.64,0.694386694386694,0.65,0.537837837837838,0.6338266
24,1,0.97,0.456521739130435,0.467455621301775,0.64,0.945570570570571,0.761688406705966,0.64,0.694386694386694,0.65,0.537837837837838,0.6338266
25,1,0.97,0.456521739130435,0.467455621301775,0.64,0.945570570570571,0.761688406705966,0.64,0.694386694386694,0.65,0.537837837837838,0.6338266
26,1,0.97,0.456521739130435,0.467455621301775,0.64,0.945570570570571,0.761688406705966,0.64,0.694386694386694,0.65,0.537837837837838,0.6338266
27,1,0.97,0.456521739130435,0.467455621301775,0.64,0.945570570570571,0.761688406705966,0.64,0.694386694386694,0.65,0.537837837837838,0.6338266
28,1,0.97,0.456521739130435,0.467455621301775,0.64,0.945570570570571,0.761688406705966,0.64,0.694386694386694,0.65,0.537837837837838,0.6338266
29,1,0.97,0.456521739130435,0.467455621301775,0.64,0.945570570570571,0.761688406705966,0.64,0.694386694386694,0.65,0.537837837837838,0.6338266
30,1,0.97,0.456521739130435,0.467455621301775,0.64,0.945570570570571,0.761688406705966,0.64,0.694386694386694,0.65,0.537837837837838,0.6338266
31,1,0.97,0.456521739130435,0.467455621301775,0.64,0.945570570570571,0.761688406705966,0.64,0.694386694386694,0.65,0.537837837837838,0.6338266
32,2,0.93,0.355072463768116,0.404339250493097,0.62,0.972514147130154,0.761688406705966,0.66999996,0.592515592515592,0.65,0.537837837837838,0.5176634
33,2,0.93,0.355072463768116,0.404339250493097,0.62,0.972514147130154,0.761688406705966,0.66999996,0.592515592515592,0.65,0.537837837837838,0.5176634
34,2,0.93,0.355072463768116,0.404339250493097,0.62,0.972514147130154,0.761688406705966,0.66999996,0.592515592515592,0.65,0.537837837837838,0.5176634
35,2,0.93,0.355072463768116,0.404339250493097,0.62,0.972514147130154,0.761688406705966,0.66999996,0.592515592515592,0.65,0.537837837837838,0.5176634
36,2,0.93,0.355072463768116,0.404339250493097,0.62,0.972514147130154,0.761688406705966,0.66999996,0.592515592515592,0.65,0.537837837837838,0.5176634
37,2,0.93,0.355072463768116,0.404339250493097,0.62,0.972514147130154,0.761688406705966,0.66999996,0.592515592515592,0.65,0.537837837837838,0.5176634
38,2,0.93,0.355072463768116,0.404339250493097,0.62,0.972514147130154,0.761688406705966,0.66999996,0.592515592515592,0.65,0.537837837837838,0.5176634
39,2,0.93,0.355072463768116,0.404339250493097,0.62,0.972514147130154,0.761688406705966,0.66999996,0.592515592515592,0.65,0.537837837837838,0.5176634
40,2,0.93,0.355072463768116,0.404339250493097,0.62,0.972514147130154,0.761688406705966,0.66999996,0.592515592515592,0.65,0.537837837837838,0.5176634
41,2,0.93,0.355072463768116,0.404339250493097,0.62,0.972514147130154,0.761688406705966,0.66999996,0.592515592515592,0.65,0.537837837837838,0.5176634
42,2,0.93,0.355072463768116,0.404339250493097,0.62,0.972514147130154,0.761688406705966,0.66999996,0.592515592515592,0.65,0.537837837837838,0.5176634
43,2,0.93,0.355072463768116,0.404339250493097,0.62,0.972514147130154,0.761688406705966,0.66999996,0.592515592515592,0.65,0.537837837837838,0.5176634
44,2,0.93,0.355072463768116,0.404339250493097,0.62,0.972514147130154,0.761688406705966,0.66999996,0.592515592515592,0.65,0.537837837837838,0.5176634
45,2,0.93,0.355072463768116,0.404339250493097,0.62,0.972514147130154,0.761688406705966,0.66999996,0.592515592515592,0.65,0.537837837837838,0.5176634
46,2,0.93,0.355072463768116,0.404339250493097,0.62,0.972514147130154,0.761688406705966,0.66999996,0.592515592515592,0.65,0.537837837837838,0.5176634
47,2,0.93,0.355072463768116,0.404339250493097,0.62,0.972514147130154,0.761688406705966,0.66999996,0.592515592515592,0.65,0.537837837837838,0.5176634
48,2,0.93,0.355072463768116,0.404339250493097,0.62,0.972514147130154,0.761688406705966,0.66999996,0.592515592515592,0.65,0.537837837837838,0.5176634
49,2,0.93,0.355072463768116,0.404339250493097,0.62,0.972514147130154,0.761688406705966,0.66999996,0.592515592515592,0.65,0.537837837837838,0.5176634
50,2,0.93,0.355072463768116,0.404339250493097,0.62,0.972514147130154,0.761688406705966,0.66999996,0.592515592515592,0.65,0.537837837837838,0.5176634
51,2,0.93,0.355072463768116,0.404339250493097,0.62,0.972514147130154,0.761688406705966,0.66999996,0.592515592515592,0.65,0.537837837837838,0.5176634
52,2,0.93,0.355072463768116,0.404339250493097,0.62,0.972514147130154,0.761688406705966,0.66999996,0.592515592515592,0.65,0.537837837837838,0.5176634
53,2,0.93,0.355072463768116,0.404339250493097,0.62,0.972514147130154,0.761688406705966,0.66999996,0.592515592515592,0.65,0.537837837837838,0.5176634
54,2,0.93,0.355072463768116,0.404339250493097,0.62,0.972514147130154,0.761688406705966,0.66999996,0.592515592515592,0.65,0.537837837837838,0.5176634
55,2,0.93,0.355072463768116,0.404339250493097,0.62,0.972514147130154,0.761688406705966,0.66999996,0.592515592515592,0.65,0.537837837837838,0.5176634
56,2,0.93,0.355072463768116,0.404339250493097,0.62,0.972514147130154,0.761688406705966,0.66999996,0.592515592515592,0.65,0.537837837837838,0.5176634
57,2,0.93,0.355072463768116,0.404339250493097,0.62,0.972514147130154,0.761688406705966,0.66999996,0.592515592515592,0.65,0.537837837837838,0.5176634
58,2,0.93,0.355072463768116,0.404339250493097,0.62,0.972514147130154,0.761688406705966,0.66999996,0.592515592515592,0.65,0.537837837837838,0.5176634
59,2,0.93,0.355072463768116,0.404339250493097,0.62,0.972514147130154,0.761688406705966,0.66999996,0.592515592515592,0.65,0.537837837837838,0.5176634
60,3,0.96,0.407608695652174,0.398422090729783,0.61,0.920845272206304,0.761688406705966,0.72,0.735966735966736,0.65,0.537837837837838,0.6640001
61,3,0.96,0.407608695652174,0.398422090729783,0.61,0.920845272206304,0.761688406705966,0.72,0.735966735966736,0.65,0.537837837837838,0.6640001
62,3,0.96,0.407608695652174,0.398422090729783,0.61,0.920845272206304,0.761688406705966,0.72,0.735966735966736,0.65,0.537837837837838,0.6640001
63,3,0.96,0.407608695652174,0.398422090729783,0.61,0.920845272206304,0.761688406705966,0.72,0.735966735966736,0.65,0.537837837837838,0.6640001
64,3,0.96,0.407608695652174,0.398422090729783,0.61,0.920845272206304,0.761688406705966,0.72,0.735966735966736,0.65,0.537837837837838,0.6640001
65,3,0.96,0.407608695652174,0.398422090729783,0.61,0.920845272206304,0.761688406705966,0.72,0.735966735966736,0.65,0.537837837837838,0.6640001
66,3,0.96,0.407608695652174,0.398422090729783,0.61,0.920845272206304,0.761688406705966,0.72,0.735966735966736,0.65,0.537837837837838,0.6640001
67,3,0.96,0.407608695652174,0.398422090729783,0.61,0.920845272206304,0.761688406705966,0.72,0.735966735966736,0.65,0.537837837837838,0.6640001
68,3,0.96,0.407608695652174,0.398422090729783,0.61,0.920845272206304,0.761688406705966,0.72,0.735966735966736,0.65,0.537837837837838,0.6640001
69,3,0.96,0.407608695652174,0.398422090729783,0.61,0.920845272206304,0.761688406705966,0.72,0.735966735966736,0.65,0.537837837837838,0.6640001
70,3,0.96,0.407608695652174,0.398422090729783,0.61,0.920845272206304,0.761688406705966,0.72,0.735966735966736,0.65,0.537837837837838,0.6640001
71,3,0.96,0.407608695652174,0.398422090729783,0.61,0.920845272206304,0.761688406705966,0.72,0.735966735966736,0.65,0.537837837837838,0.6640001
72,3,0.96,0.407608695652174,0.398422090729783,0.61,0.920845272206304,0.761688406705966,0.72,0.735966735966736,0.65,0.537837837837838,0.6640001
73,3,0.96,0.407608695652174,0.398422090729783,0.61,0.920845272206304,0.761688406705966,0.72,0.735966735966736,0.65,0.537837837837838,0.6640001
74,3,0.96,0.407608695652174,0.398422090729783,0.61,0.920845272206304,0.761688406705966,0.72,0.735966735966736,0.65,0.537837837837838,0.6640001
75,3,0.96,0.407608695652174,0.398422090729783,0.61,0.920845272206304,0.761688406705966,0.72,0.735966735966736,0.65,0.537837837837838,0.6640001
76,3,0.96,0.407608695652174,0.398422090729783,0.61,0.920845272206304,0.761688406705966,0.72,0.735966735966736,0.65,0.537837837837838,0.6640001
77,3,0.96,0.407608695652174,0.398422090729783,0.61,0.920845272206304,0.761688406705966,0.72,0.735966735966736,0.65,0.537837837837838,0.6640001
78,3,0.96,0.407608695652174,0.398422090729783,0.61,0.920845272206304,0.761688406705966,0.72,0.735966735966736,0.65,0.537837837837838,0.6640001
79,3,0.96,0.407608695652174,0.398422090729783,0.61,0.920845272206304,0.761688406705966,0.72,0.735966735966736,0.65,0.537837837837838,0.6640001
80,3,0.96,0.407608695652174,0.398422090729783,0.61,0.920845272206304,0.761688406705966,0.72,0.735966735966736,0.65,0.537837837837838,0.6640001
81,3,0.96,0.407608695652174,0.398422090729783,0.61,0.920845272206304,0.761688406705966,0.72,0.735966735966736,0.65,0.537837837837838,0.6640001
82,3,0.96,0.407608695652174,0.398422090729783,0.61,0.920845272206304,0.761688406705966,0.72,0.735966735966736,0.65,0.537837837837838,0.6640001
83,3,0.96,0.407608695652174,0.398422090729783,0.61,0.920845272206304,0.761688406705966,0.72,0.735966735966736,0.65,0.537837837837838,0.6640001
84,3,0.96,0.407608695652174,0.398422090729783,0.61,0.920845272206304,0.761688406705966,0.72,0.735966735966736,0.65,0.537837837837838,0.6640001
85,3,0.96,0.407608695652174,0.398422090729783,0.61,0.920845272206304,0.761688406705966,0.72,0.735966735966736,0.65,0.537837837837838,0.6640001
86,3,0.96,0.407608695652174,0.398422090729783,0.61,0.920845272206304,0.761688406705966,0.72,0.735966735966736,0.65,0.537837837837838,0.6640001
87,3,0.96,0.407608695652174,0.398422090729783,0.61,0.920845272206304,0.761688406705966,0.72,0.735966735966736,0.65,0.537837837837838,0.6640001
88,3,0.96,0.407608695652174,0.398422090729783,0.61,0.920845272206304,0.761688406705966,0.72,0.735966735966736,0.65,0.537837837837838,0.6640001
89,3,0.96,0.407608695652174,0.398422090729783,0.61,0.920845272206304,0.761688406705966,0.72,0.735966735966736,0.65,0.537837837837838,0.6640001
90,3,0.96,0.407608695652174,0.398422090729783,0.61,0.920845272206304,0.761688406705966,0.72,0.735966735966736,0.65,0.537837837837838,0.6640001
91,4,0.83,0.298913043478261,0.378698224852071,0.73,0.812016218208625,0.761688406705966,0.72,0.787941787941788,0.65,0.537837837837838,0.6998106
92,4,0.83,0.298913043478261,0.378698224852071,0.73,0.812016218208625,0.761688406705966,0.72,0.787941787941788,0.65,0.537837837837838,0.6998106
93,4,0.83,0.298913043478261,0.378698224852071,0.73,0.812016218208625,0.761688406705966,0.72,0.787941787941788,0.65,0.537837837837838,0.6998106
94,4,0.83,0.298913043478261,0.378698224852071,0.73,0.812016218208625,0.761688406705966,0.72,0.787941787941788,0.65,0.537837837837838,0.6998106
95,4,0.83,0.298913043478261,0.378698224852071,0.73,0.812016218208625,0.761688406705966,0.72,0.787941787941788,0.65,0.537837837837838,0.6998106
96,4,0.83,0.298913043478261,0.378698224852071,0.73,0.812016218208625,0.761688406705966,0.72,0.787941787941788,0.65,0.537837837837838,0.6998106
97,4,0.83,0.298913043478261,0.378698224852071,0.73,0.812016218208625,0.761688406705966,0.72,0.787941787941788,0.65,0.537837837837838,0.6998106
98,4,0.83,0.298913043478261,0.378698224852071,0.73,0.812016218208625,0.761688406705966,0.72,0.787941787941788,0.65,0.537837837837838,0.6998106
99,4,0.83,0.298913043478261,0.378698224852071,0.73,0.812016218208625,0.761688406705966,0.72,0.787941787941788,0.65,0.537837837837838,0.6998106
100,4,0.83,0.298913043478261,0.378698224852071,0.73,0.812016218208625,0.761688406705966,0.72,0.787941787941788,0.65,0.537837837837838,0.6998106
101,4,0.83,0.298913043478261,0.378698224852071,0.73,0.812016218208625,0.761688406705966,0.72,0.787941787941788,0.65,0.537837837837838,0.6998106
102,4,0.83,0.298913043478261,0.378698224852071,0.73,0.812016218208625,0.761688406705966,0.72,0.787941787941788,0.65,0.537837837837838,0.6998106
103,4,0.83,0.298913043478261,0.378698224852071,0.73,0.812016218208625,0.761688406705966,0.72,0.787941787941788,0.65,0.537837837837838,0.6998106
104,4,0.83,0.298913043478261,0.378698224852071,0.73,0.812016218208625,0.761688406705966,0.72,0.787941787941788,0.65,0.537837837837838,0.6998106
105,4,0.83,0.298913043478261,0.378698224852071,0.73,0.812016218208625,0.761688406705966,0.72,0.787941787941788,0.65,0.537837837837838,0.6998106
106,4,0.83,0.298913043478261,0.378698224852071,0.73,0.812016218208625,0.761688406705966,0.72,0.787941787941788,0.65,0.537837837837838,0.6998106
107,4,0.83,0.298913043478261,0.378698224852071,0.73,0.812016218208625,0.761688406705966,0.72,0.787941787941788,0.65,0.537837837837838,0.6998106
108,4,0.83,0.298913043478261,0.378698224852071,0.73,0.812016218208625,0.761688406705966,0.72,0.787941787941788,0.65,0.537837837837838,0.6998106
109,4,0.83,0.298913043478261,0.378698224852071,0.73,0.812016218208625,0.761688406705966,0.72,0.787941787941788,0.65,0.537837837837838,0.6998106
110,4,0.83,0.298913043478261,0.378698224852071,0.73,0.812016218208625,0.761688406705966,0.72,0.787941787941788,0.65,0.537837837837838,0.6998106
111,4,0.83,0.298913043478261,0.378698224852071,0.73,0.812016218208625,0.761688406705966,0.72,0.787941787941788,0.65,0.537837837837838,0.6998106
112,4,0.83,0.298913043478261,0.378698224852071,0.73,0.812016218208625,0.761688406705966,0.72,0.787941787941788,0.65,0.537837837837838,0.6998106
113,4,0.83,0.298913043478261,0.378698224852071,0.73,0.812016218208625,0.761688406705966,0.72,0.787941787941788,0.65,0.537837837837838,0.6998106
114,4,0.83,0.298913043478261,0.378698224852071,0.73,0.812016218208625,0.761688406705966,0.72,0.787941787941788,0.65,0.537837837837838,0.6998106
115,4,0.83,0.298913043478261,0.378698224852071,0.73,0.812016218208625,0.761688406705966,0.72,0.787941787941788,0.65,0.537837837837838,0.6998106
116,4,0.83,0.298913043478261,0.378698224852071,0.73,0.812016218208625,0.761688406705966,0.72,0.787941787941788,0.65,0.537837837837838,0.6998106
117,4,0.83,0.298913043478261,0.378698224852071,0.73,0.812016218208625,0.761688406705966,0.72,0.787941787941788,0.65,0.537837837837838,0.6998106
118,4,0.83,0.298913043478261,0.378698224852071,0.73,0.812016218208625,0.761688406705966,0.72,0.787941787941788,0.65,0.537837837837838,0.6998106
119,4,0.83,0.298913043478261,0.378698224852071,0.73,0.812016218208625,0.761688406705966,0.72,0.787941787941788,0.65,0.537837837837838,0.6998106
120,4,0.83,0.298913043478261,0.378698224852071,0.73,0.812016218208625,0.761688406705966,0.72,0.787941787941788,0.65,0.537837837837838,0.6998106
121,5,0.71,0.398550724637681,0.366863905325444,0.77,0.730050323508267,0.761688406705966,0.78499997,0.875259875259875,0.65,0.537837837837838,0.7829793
122,5,0.71,0.398550724637681,0.366863905325444,0.77,0.730050323508267,0.761688406705966,0.78499997,0.875259875259875,0.65,0.537837837837838,0.7829793
123,5,0.71,0.398550724637681,0.366863905325444,0.77,0.730050323508267,0.761688406705966,0.78499997,0.875259875259875,0.65,0.537837837837838,0.7829793
124,5,0.71,0.398550724637681,0.366863905325444,0.77,0.730050323508267,0.761688406705966,0.78499997,0.875259875259875,0.65,0.537837837837838,0.7829793
125,5,0.71,0.398550724637681,0.366863905325444,0.77,0.730050323508267,0.761688406705966,0.78499997,0.875259875259875,0.65,0.537837837837838,0.7829793
126,5,0.71,0.398550724637681,0.366863905325444,0.77,0.730050323508267,0.761688406705966,0.78499997,0.875259875259875,0.65,0.537837837837838,0.7829793
127,5,0.71,0.398550724637681,0.366863905325444,0.77,0.730050323508267,0.761688406705966,0.78499997,0.875259875259875,0.65,0.537837837837838,0.7829793
128,5,0.71,0.398550724637681,0.366863905325444,0.77,0.730050323508267,0.761688406705966,0.78499997,0.875259875259875,0.65,0.537837837837838,0.7829793
129,5,0.71,0.398550724637681,0.366863905325444,0.77,0.730050323508267,0.761688406705966,0.78499997,0.875259875259875,0.65,0.537837837837838,0.7829793
130,5,0.71,0.398550724637681,0.366863905325444,0.77,0.730050323508267,0.761688406705966,0.78499997,0.875259875259875,0.65,0.537837837837838,0.7829793
131,5,0.71,0.398550724637681,0.366863905325444,0.77,0.730050323508267,0.761688406705966,0.78499997,0.875259875259875,0.65,0.537837837837838,0.7829793
132,5,0.71,0.398550724637681,0.366863905325444,0.77,0.730050323508267,0.761688406705966,0.78499997,0.875259875259875,0.65,0.537837837837838,0.7829793
133,5,0.71,0.398550724637681,0.366863905325444,0.77,0.730050323508267,0.761688406705966,0.78499997,0.875259875259875,0.65,0.537837837837838,0.7829793
134,5,0.71,0.398550724637681,0.366863905325444,0.77,0.730050323508267,0.761688406705966,0.78499997,0.875259875259875,0.65,0.537837837837838,0.7829793
135,5,0.71,0.398550724637681,0.366863905325444,0.77,0.730050323508267,0.761688406705966,0.78499997,0.875259875259875,0.65,0.537837837837838,0.7829793
136,5,0.71,0.398550724637681,0.366863905325444,0.77,0.730050323508267,0.761688406705966,0.78499997,0.875259875259875,0.65,0.537837837837838,0.7829793
137,5,0.71,0.398550724637681,0.366863905325444,0.77,0.730050323508267,0.761688406705966,0.78499997,0.875259875259875,0.65,0.537837837837838,0.7829793
138,5,0.71,0.398550724637681,0.366863905325444,0.77,0.730050323508267,0.761688406705966,0.78499997,0.875259875259875,0.65,0.537837837837838,0.7829793
139,5,0.71,0.398550724637681,0.366863905325444,0.77,0.730050323508267,0.761688406705966,0.78499997,0.875259875259875,0.65,0.537837837837838,0.7829793
140,5,0.71,0.398550724637681,0.366863905325444,0.77,0.730050323508267,0.761688406705966,0.78499997,0.875259875259875,0.65,0.537837837837838,0.7829793
141,5,0.71,0.398550724637681,0.366863905325444,0.77,0.730050323508267,0.761688406705966,0.78499997,0.875259875259875,0.65,0.537837837837838,0.7829793
142,5,0.71,0.398550724637681,0.366863905325444,0.77,0.730050323508267,0.761688406705966,0.78499997,0.875259875259875,0.65,0.537837837837838,0.7829793
143,5,0.71,0.398550724637681,0.366863905325444,0.77,0.730050323508267,0.761688406705966,0.78499997,0.875259875259875,0.65,0.537837837837838,0.7829793
144,5,0.71,0.398550724637681,0.366863905325444,0.77,0.730050323508267,0.761688406705966,0.78499997,0.875259875259875,0.65,0.537837837837838,0.7829793
145,5,0.71,0.398550724637681,0.366863905325444,0.77,0.730050323508267,0.761688406705966,0.78499997,0.875259875259875,0.65,0.537837837837838,0.7829793
146,5,0.71,0.398550724637681,0.366863905325444,0.77,0.730050323508267,0.761688406705966,0.78499997,0.875259875259875,0.65,0.537837837837838,0.7829793
147,5,0.71,0.398550724637681,0.366863905325444,0.77,0.730050323508267,0.761688406705966,0.78499997,0.875259875259875,0.65,0.537837837837838,0.7829793
148,5,0.71,0.398550724637681,0.366863905325444,0.77,0.730050323508267,0.761688406705966,0.78499997,0.875259875259875,0.65,0.537837837837838,0.7829793
149,5,0.71,0.398550724637681,0.366863905325444,0.77,0.730050323508267,0.761688406705966,0.78499997,0.875259875259875,0.65,0.537837837837838,0.7829793
150,5,0.71,0.398550724637681,0.366863905325444,0.77,0.730050323508267,0.761688406705966,0.78499997,0.875259875259875,0.65,0.537837837837838,0.7829793
151,5,0.71,0.398550724637681,0.366863905325444,0.77,0.730050323508267,0.761688406705966,0.78499997,0.875259875259875,0.65,0.537837837837838,0.7829793
152,6,0.67,0.530797101449275,0.611439842209073,0.83,0.697373905794081,0.761688406705966,0.8,0.846153846153846,0.65,0.537837837837838,0.7181318
153,6,0.67,0.530797101449275,0.611439842209073,0.83,0.697373905794081,0.761688406705966,0.8,0.846153846153846,0.65,0.537837837837838,0.7181318
154,6,0.67,0.530797101449275,0.611439842209073,0.83,0.697373905794081,0.761688406705966,0.8,0.846153846153846,0.65,0.537837837837838,0.7181318
155,6,0.67,0.530797101449275,0.611439842209073,0.83,0.697373905794081,0.761688406705966,0.8,0.846153846153846,0.65,0.537837837837838,0.7181318
156,6,0.67,0.530797101449275,0.611439842209073,0.83,0.697373905794081,0.761688406705966,0.8,0.846153846153846,0.65,0.537837837837838,0.7181318
157,6,0.67,0.530797101449275,0.611439842209073,0.83,0.697373905794081,0.761688406705966,0.8,0.846153846153846,0.65,0.537837837837838,0.7181318
158,6,0.67,0.530797101449275,0.611439842209073,0.83,0.697373905794081,0.761688406705966,0.8,0.846153846153846,0.65,0.537837837837838,0.7181318
159,6,0.67,0.530797101449275,0.611439842209073,0.83,0.697373905794081,0.761688406705966,0.8,0.846153846153846,0.65,0.537837837837838,0.7181318
160,6,0.67,0.530797101449275,0.611439842209073,0.83,0.697373905794081,0.761688406705966,0.8,0.846153846153846,0.65,0.537837837837838,0.7181318
161,6,0.67,0.530797101449275,0.611439842209073,0.83,0.697373905794081,0.761688406705966,0.8,0.846153846153846,0.65,0.537837837837838,0.7181318
162,6,0.67,0.530797101449275,0.611439842209073,0.83,0.697373905794081,0.761688406705966,0.8,0.846153846153846,0.65,0.537837837837838,0.7181318
163,6,0.67,0.530797101449275,0.611439842209073,0.83,0.697373905794081,0.761688406705966,0.8,0.846153846153846,0.65,0.537837837837838,0.7181318
164,6,0.67,0.530797101449275,0.611439842209073,0.83,0.697373905794081,0.761688406705966,0.8,0.846153846153846,0.65,0.537837837837838,0.7181318
165,6,0.67,0.530797101449275,0.611439842209073,0.83,0.697373905794081,0.761688406705966,0.8,0.846153846153846,0.65,0.537837837837838,0.7181318
166,6,0.67,0.530797101449275,0.611439842209073,0.83,0.697373905794081,0.761688406705966,0.8,0.846153846153846,0.65,0.537837837837838,0.7181318
167,6,0.67,0.530797101449275,0.611439842209073,0.83,0.697373905794081,0.761688406705966,0.8,0.846153846153846,0.65,0.537837837837838,0.7181318
168,6,0.67,0.530797101449275,0.611439842209073,0.83,0.697373905794081,0.761688406705966,0.8,0.846153846153846,0.65,0.537837837837838,0.7181318
169,6,0.67,0.530797101449275,0.611439842209073,0.83,0.697373905794081,0.761688406705966,0.8,0.846153846153846,0.65,0.537837837837838,0.7181318
170,6,0.67,0.530797101449275,0.611439842209073,0.83,0.697373905794081,0.761688406705966,0.8,0.846153846153846,0.65,0.537837837837838,0.7181318
171,6,0.67,0.530797101449275,0.611439842209073,0.83,0.697373905794081,0.761688406705966,0.8,0.846153846153846,0.65,0.537837837837838,0.7181318
172,6,0.67,0.530797101449275,0.611439842209073,0.83,0.697373905794081,0.761688406705966,0.8,0.846153846153846,0.65,0.537837837837838,0.7181318
173,6,0.67,0.530797101449275,0.611439842209073,0.83,0.697373905794081,0.761688406705966,0.8,0.846153846153846,0.65,0.537837837837838,0.7181318
174,6,0.67,0.530797101449275,0.611439842209073,0.83,0.697373905794081,0.761688406705966,0.8,0.846153846153846,0.65,0.537837837837838,0.7181318
175,6,0.67,0.530797101449275,0.611439842209073,0.83,0.697373905794081,0.761688406705966,0.8,0.846153846153846,0.65,0.537837837837838,0.7181318
176,6,0.67,0.530797101449275,0.611439842209073,0.83,0.697373905794081,0.761688406705966,0.8,0.846153846153846,0.65,0.537837837837838,0.7181318
177,6,0.67,0.530797101449275,0.611439842209073,0.83,0.697373905794081,0.761688406705966,0.8,0.846153846153846,0.65,0.537837837837838,0.7181318
178,6,0.67,0.530797101449275,0.611439842209073,0.83,0.697373905794081,0.761688406705966,0.8,0.846153846153846,0.65,0.537837837837838,0.7181318
179,6,0.67,0.530797101449275,0.611439842209073,0.83,0.697373905794081,0.761688406705966,0.8,0.846153846153846,0.65,0.537837837837838,0.7181318
180,6,0.67,0.530797101449275,0.611439842209073,0.83,0.697373905794081,0.761688406705966,0.8,0.846153846153846,0.65,0.537837837837838,0.7181318
181,6,0.67,0.530797101449275,0.611439842209073,0.83,0.697373905794081,0.761688406705966,0.8,0.846153846153846,0.65,0.537837837837838,0.7181318
182,7,0.62,0.76268115942029,0.775147928994083,0.46,0.76248992747784,0.761688406705966,0.87,0.330561330561331,0.65,0.537837837837838,0.3967055
183,7,0.62,0.76268115942029,0.775147928994083,0.46,0.76248992747784,0.920113194531544,0.87,0.330561330561331,0.65,0.634594594594595,0.3967055
184,7,0.62,0.76268115942029,0.775147928994083,0.46,0.76248992747784,0.920113194531544,0.87,0.330561330561331,0.65,0.634594594594595,0.3967055
185,7,0.62,0.76268115942029,0.775147928994083,0.46,0.76248992747784,0.920113194531544,0.87,0.330561330561331,0.65,0.634594594594595,0.3967055
186,7,0.62,0.76268115942029,0.775147928994083,0.46,0.76248992747784,0.920113194531544,0.87,0.330561330561331,0.65,0.634594594594595,0.3967055
187,7,0.62,0.76268115942029,0.775147928994083,0.46,0.76248992747784,0.920113194531544,0.87,0.330561330561331,0.65,0.634594594594595,0.3967055
188,7,0.62,0.76268115942029,0.775147928994083,0.46,0.76248992747784,0.920113194531544,0.87,0.330561330561331,0.65,0.634594594594595,0.3967055
189,7,0.62,0.76268115942029,0.775147928994083,0.46,0.76248992747784,0.920113194531544,0.87,0.330561330561331,0.65,0.634594594594595,0.3967055
190,7,0.62,0.76268115942029,0.775147928994083,0.46,0.76248992747784,0.920113194531544,0.87,0.330561330561331,0.65,0.634594594594595,0.3967055
191,7,0.62,0.76268115942029,0.775147928994083,0.46,0.76248992747784,0.920113194531544,0.87,0.330561330561331,0.65,0.634594594594595,0.3967055
192,7,0.62,0.76268115942029,0.775147928994083,0.46,0.76248992747784,0.920113194531544,0.87,0.330561330561331,0.65,0.634594594594595,0.3967055
193,7,0.62,0.76268115942029,0.775147928994083,0.46,0.76248992747784,0.920113194531544,0.87,0.330561330561331,0.65,0.634594594594595,0.3967055
194,7,0.62,0.76268115942029,0.775147928994083,0.46,0.76248992747784,0.920113194531544,0.87,0.330561330561331,0.65,0.634594594594595,0.3967055
195,7,0.62,0.76268115942029,0.775147928994083,0.46,0.76248992747784,0.920113194531544,0.87,0.330561330561331,0.65,0.634594594594595,0.3967055
196,7,0.62,0.76268115942029,0.775147928994083,0.46,0.76248992747784,0.920113194531544,0.87,0.330561330561331,0.65,0.634594594594595,0.3967055
197,7,0.62,0.76268115942029,0.775147928994083,0.46,0.76248992747784,0.920113194531544,0.87,0.330561330561331,0.65,0.634594594594595,0.3967055
198,7,0.62,0.76268115942029,0.775147928994083,0.46,0.76248992747784,0.920113194531544,0.87,0.330561330561331,0.65,0.634594594594595,0.3967055
199,7,0.62,0.76268115942029,0.775147928994083,0.46,0.76248992747784,0.920113194531544,0.87,0.330561330561331,0.65,0.634594594594595,0.3967055
200,7,0.62,0.76268115942029,0.775147928994083,0.46,0.76248992747784,0.920113194531544,0.87,0.330561330561331,0.65,0.634594594594595,0.3967055
201,7,0.62,0.76268115942029,0.775147928994083,0.46,0.76248992747784,0.920113194531544,0.87,0.330561330561331,0.65,0.634594594594595,0.3967055
202,7,0.62,0.76268115942029,0.775147928994083,0.46,0.76248992747784,0.920113194531544,0.87,0.330561330561331,0.65,0.634594594594595,0.3967055
203,7,0.62,0.76268115942029,0.775147928994083,0.46,0.76248992747784,0.920113194531544,0.87,0.330561330561331,0.65,0.634594594594595,0.3967055
204,7,0.62,0.76268115942029,0.775147928994083,0.46,0.76248992747784,0.920113194531544,0.87,0.330561330561331,0.65,0.634594594594595,0.3967055
205,7,0.62,0.76268115942029,0.775147928994083,0.46,0.76248992747784,0.920113194531544,0.87,0.330561330561331,0.65,0.634594594594595,0.3967055
206,7,0.62,0.76268115942029,0.775147928994083,0.46,0.76248992747784,0.920113194531544,0.87,0.330561330561331,0.65,0.634594594594595,0.3967055
207,7,0.62,0.76268115942029,0.775147928994083,0.46,0.76248992747784,0.920113194531544,0.87,0.330561330561331,0.65,0.634594594594595,0.3967055
208,7,0.62,0.76268115942029,0.775147928994083,0.46,0.76248992747784,0.920113194531544,0.87,0.330561330561331,0.65,0.634594594594595,0.3967055
209,7,0.62,0.76268115942029,0.775147928994083,0.46,0.76248992747784,0.920113194531544,0.87,0.330561330561331,0.65,0.634594594594595,0.3967055
210,7,0.62,0.76268115942029,0.775147928994083,0.46,0.76248992747784,0.920113194531544,0.87,0.330561330561331,0.65,0.634594594594595,0.3967055
211,7,0.62,0.76268115942029,0.775147928994083,0.46,0.76248992747784,0.920113194531544,0.87,0.330561330561331,0.65,0.634594594594595,0.3967055
212,7,0.62,0.76268115942029,0.775147928994083,0.46,0.76248992747784,0.920113194531544,0.87,0.330561330561331,0.65,0.634594594594595,0.3967055
213,8,0.69,0.742753623188406,0.715976331360947,0.59,0.764705882352941,0.920113194531544,0.78499997,0.457380457380457,0.65,0.634594594594595,0.519358
214,8,0.69,0.742753623188406,0.715976331360947,0.59,0.764705882352941,0.920113194531544,0.78499997,0.457380457380457,0.65,0.634594594594595,0.519358
215,8,0.69,0.742753623188406,0.715976331360947,0.59,0.764705882352941,0.920113194531544,0.78499997,0.457380457380457,0.65,0.634594594594595,0.519358
216,8,0.69,0.742753623188406,0.715976331360947,0.59,0.764705882352941,0.920113194531544,0.78499997,0.457380457380457,0.65,0.634594594594595,0.519358
217,8,0.69,0.742753623188406,0.715976331360947,0.59,0.764705882352941,0.920113194531544,0.78499997,0.457380457380457,0.65,0.634594594594595,0.519358
218,8,0.69,0.742753623188406,0.715976331360947,0.59,0.764705882352941,0.920113194531544,0.78499997,0.457380457380457,0.65,0.634594594594595,0.519358
219,8,0.69,0.742753623188406,0.715976331360947,0.59,0.764705882352941,0.920113194531544,0.78499997,0.457380457380457,0.65,0.634594594594595,0.519358
220,8,0.69,0.742753623188406,0.715976331360947,0.59,0.764705882352941,0.920113194531544,0.78499997,0.457380457380457,0.65,0.634594594594595,0.519358
221,8,0.69,0.742753623188406,0.715976331360947,0.59,0.764705882352941,0.920113194531544,0.78499997,0.457380457380457,0.65,0.634594594594595,0.519358
222,8,0.69,0.742753623188406,0.715976331360947,0.59,0.764705882352941,0.920113194531544,0.78499997,0.457380457380457,0.65,0.634594594594595,0.519358
223,8,0.69,0.742753623188406,0.715976331360947,0.59,0.764705882352941,0.920113194531544,0.78499997,0.457380457380457,0.65,0.634594594594595,0.519358
224,8,0.69,0.742753623188406,0.715976331360947,0.59,0.764705882352941,0.920113194531544,0.78499997,0.457380457380457,0.65,0.634594594594595,0.519358
225,8,0.69,0.742753623188406,0.715976331360947,0.59,0.764705882352941,0.920113194531544,0.78499997,0.457380457380457,0.65,0.634594594594595,0.519358
226,8,0.69,0.742753623188406,0.715976331360947,0.59,0.764705882352941,0.920113194531544,0.78499997,0.457380457380457,0.65,0.634594594594595,0.519358
227,8,0.69,0.742753623188406,0.715976331360947,0.59,0.764705882352941,0.920113194531544,0.78499997,0.457380457380457,0.65,0.634594594594595,0.519358
228,8,0.69,0.742753623188406,0.715976331360947,0.59,0.764705882352941,0.920113194531544,0.78499997,0.457380457380457,0.65,0.634594594594595,0.519358
229,8,0.69,0.742753623188406,0.715976331360947,0.59,0.764705882352941,0.920113194531544,0.78499997,0.457380457380457,0.65,0.634594594594595,0.519358
230,8,0.69,0.742753623188406,0.715976331360947,0.59,0.764705882352941,0.920113194531544,0.78499997,0.457380457380457,0.65,0.634594594594595,0.519358
231,8,0.69,0.742753623188406,0.715976331360947,0.59,0.764705882352941,0.920113194531544,0.78499997,0.457380457380457,0.65,0.634594594594595,0.519358
232,8,0.69,0.742753623188406,0.715976331360947,0.59,0.764705882352941,0.920113194531544,0.78499997,0.457380457380457,0.65,0.634594594594595,0.519358
233,8,0.69,0.742753623188406,0.715976331360947,0.59,0.764705882352941,0.920113194531544,0.78499997,0.457380457380457,0.65,0.634594594594595,0.519358
234,8,0.69,0.742753623188406,0.715976331360947,0.59,0.764705882352941,0.920113194531544,0.78499997,0.457380457380457,0.65,0.634594594594595,0.519358
235,8,0.69,0.742753623188406,0.715976331360947,0.59,0.764705882352941,0.920113194531544,0.78499997,0.457380457380457,0.65,0.634594594594595,0.519358
236,8,0.69,0.742753623188406,0.715976331360947,0.59,0.764705882352941,0.920113194531544,0.78499997,0.457380457380457,0.65,0.634594594594595,0.519358
237,8,0.69,0.742753623188406,0.715976331360947,0.59,0.764705882352941,0.920113194531544,0.78499997,0.457380457380457,0.65,0.634594594594595,0.519358
238,8,0.69,0.742753623188406,0.715976331360947,0.59,0.764705882352941,0.920113194531544,0.78499997,0.457380457380457,0.65,0.634594594594595,0.519358
239,8,0.69,0.742753623188406,0.715976331360947,0.59,0.764705882352941,0.920113194531544,0.78499997,0.457380457380457,0.65,0.634594594594595,0.519358
240,8,0.69,0.742753623188406,0.715976331360947,0.59,0.764705882352941,0.920113194531544,0.78499997,0.457380457380457,0.65,0.634594594594595,0.519358
241,8,0.69,0.742753623188406,0.715976331360947,0.59,0.764705882352941,0.920113194531544,0.78499997,0.457380457380457,0.65,0.634594594594595,0.519358
242,8,0.69,0.742753623188406,0.715976331360947,0.59,0.764705882352941,0.920113194531544,0.78499997,0.457380457380457,0.65,0.634594594594595,0.519358
243,8,0.69,0.742753623188406,0.715976331360947,0.59,0.764705882352941,0.920113194531544,0.78499997,0.457380457380457,0.65,0.634594594594595,0.519358
244,9,0.69,0.610507246376812,0.518737672583826,0.67,0.829446064139942,0.920113194531544,0.8,0.62993762993763,0.65,0.634594594594595,0.6874053
245,9,0.69,0.610507246376812,0.518737672583826,0.67,0.829446064139942,0.920113194531544,0.8,0.62993762993763,0.65,0.634594594594595,0.6874053
246,9,0.69,0.610507246376812,0.518737672583826,0.67,0.829446064139942,0.920113194531544,0.8,0.62993762993763,0.65,0.634594594594595,0.6874053
247,9,0.69,0.610507246376812,0.518737672583826,0.67,0.829446064139942,0.920113194531544,0.8,0.62993762993763,0.65,0.634594594594595,0.6874053
248,9,0.69,0.610507246376812,0.518737672583826,0.67,0.829446064139942,0.920113194531544,0.8,0.62993762993763,0.65,0.634594594594595,0.6874053
249,9,0.69,0.610507246376812,0.518737672583826,0.67,0.829446064139942,0.920113194531544,0.8,0.62993762993763,0.65,0.634594594594595,0.6874053
250,9,0.69,0.610507246376812,0.518737672583826,0.67,0.829446064139942,0.920113194531544,0.8,0.62993762993763,0.65,0.634594594594595,0.6874053
251,9,0.69,0.610507246376812,0.518737672583826,0.67,0.829446064139942,0.920113194531544,0.8,0.62993762993763,0.65,0.634594594594595,0.6874053
252,9,0.69,0.610507246376812,0.518737672583826,0.67,0.829446064139942,0.920113194531544,0.8,0.62993762993763,0.65,0.634594594594595,0.6874053
253,9,0.69,0.610507246376812,0.518737672583826,0.67,0.829446064139942,0.920113194531544,0.8,0.62993762993763,0.65,0.634594594594595,0.6874053
254,9,0.69,0.610507246376812,0.518737672583826,0.67,0.829446064139942,0.920113194531544,0.8,0.62993762993763,0.65,0.634594594594595,0.6874053
255,9,0.69,0.610507246376812,0.518737672583826,0.67,0.829446064139942,0.920113194531544,0.8,0.62993762993763,0.65,0.634594594594595,0.6874053
256,9,0.69,0.610507246376812,0.518737672583826,0.67,0.829446064139942,0.920113194531544,0.8,0.62993762993763,0.65,0.634594594594595,0.6874053
257,9,0.69,0.610507246376812,0.518737672583826,0.67,0.829446064139942,0.920113194531544,0.8,0.62993762993763,0.65,0.634594594594595,0.6874053
258,9,0.69,0.610507246376812,0.518737672583826,0.67,0.829446064139942,0.920113194531544,0.8,0.62993762993763,0.65,0.634594594594595,0.6874053
259,9,0.69,0.610507246376812,0.518737672583826,0.67,0.829446064139942,0.920113194531544,0.8,0.62993762993763,0.65,0.634594594594595,0.6874053
260,9,0.69,0.610507246376812,0.518737672583826,0.67,0.829446064139942,0.920113194531544,0.8,0.62993762993763,0.65,0.634594594594595,0.6874053
261,9,0.69,0.610507246376812,0.518737672583826,0.67,0.829446064139942,0.920113194531544,0.8,0.62993762993763,0.65,0.634594594594595,0.6874053
262,9,0.69,0.610507246376812,0.518737672583826,0.67,0.829446064139942,0.920113194531544,0.8,0.62993762993763,0.65,0.634594594594595,0.6874053
263,9,0.69,0.610507246376812,0.518737672583826,0.67,0.829446064139942,0.920113194531544,0.8,0.62993762993763,0.65,0.634594594594595,0.6874053
264,9,0.69,0.610507246376812,0.518737672583826,0.67,0.829446064139942,0.920113194531544,0.8,0.62993762993763,0.65,0.634594594594595,0.6874053
265,9,0.69,0.610507246376812,0.518737672583826,0.67,0.829446064139942,0.920113194531544,0.8,0.62993762993763,0.65,0.634594594594595,0.6874053
266,9,0.69,0.610507246376812,0.518737672583826,0.67,0.829446064139942,0.920113194531544,0.8,0.62993762993763,0.65,0.634594594594595,0.6874053
267,9,0.69,0.610507246376812,0.518737672583826,0.67,0.829446064139942,0.920113194531544,0.8,0.62993762993763,0.65,0.634594594594595,0.6874053
268,9,0.69,0.610507246376812,0.518737672583826,0.67,0.829446064139942,0.920113194531544,0.8,0.62993762993763,0.65,0.634594594594595,0.6874053
269,9,0.69,0.610507246376812,0.518737672583826,0.67,0.829446064139942,0.920113194531544,0.8,0.62993762993763,0.65,0.634594594594595,0.6874053
270,9,0.69,0.610507246376812,0.518737672583826,0.67,0.829446064139942,0.920113194531544,0.8,0.62993762993763,0.65,0.634594594594595,0.6874053
271,9,0.69,0.610507246376812,0.518737672583826,0.67,0.829446064139942,0.920113194531544,0.8,0.62993762993763,0.65,0.634594594594595,0.6874053
272,9,0.69,0.610507246376812,0.518737672583826,0.67,0.829446064139942,0.920113194531544,0.8,0.62993762993763,0.65,0.634594594594595,0.6874053
273,9,0.69,0.610507246376812,0.518737672583826,0.67,0.829446064139942,0.920113194531544,0.8,0.62993762993763,0.65,0.634594594594595,0.6874053
274,10,0.82,0.481884057971015,0.435897435897436,0.72,0.85889694041868,0.920113194531544,0.8,0.74012474012474,0.65,0.634594594594595,0.6679577
275,10,0.82,0.485507246376812,0.435897435897436,0.72,0.85889694041868,0.920113194531544,0.8,0.74012474012474,0.65,0.634594594594595,0.6679577
276,10,0.82,0.485507246376812,0.435897435897436,0.72,0.85889694041868,0.920113194531544,0.8,0.74012474012474,0.65,0.634594594594595,0.6679577
277,10,0.82,0.485507246376812,0.435897435897436,0.72,0.85889694041868,0.920113194531544,0.8,0.74012474012474,0.65,0.634594594594595,0.6679577
278,10,0.82,0.485507246376812,0.435897435897436,0.72,0.85889694041868,0.920113194531544,0.8,0.74012474012474,0.65,0.634594594594595,0.6679577
279,10,0.82,0.485507246376812,0.435897435897436,0.72,0.85889694041868,0.920113194531544,0.8,0.74012474012474,0.65,0.634594594594595,0.6679577
280,10,0.82,0.485507246376812,0.435897435897436,0.72,0.85889694041868,0.920113194531544,0.8,0.74012474012474,0.65,0.634594594594595,0.6679577
281,10,0.82,0.485507246376812,0.435897435897436,0.72,0.85889694041868,0.920113194531544,0.8,0.74012474012474,0.65,0.634594594594595,0.6679577
282,10,0.82,0.485507246376812,0.435897435897436,0.72,0.85889694041868,0.920113194531544,0.8,0.74012474012474,0.65,0.634594594594595,0.6679577
283,10,0.82,0.485507246376812,0.435897435897436,0.72,0.85889694041868,0.920113194531544,0.8,0.74012474012474,0.65,0.634594594594595,0.6679577
284,10,0.82,0.485507246376812,0.435897435897436,0.72,0.85889694041868,0.920113194531544,0.8,0.74012474012474,0.65,0.634594594594595,0.6679577
285,10,0.82,0.485507246376812,0.435897435897436,0.72,0.85889694041868,0.920113194531544,0.8,0.74012474012474,0.65,0.634594594594595,0.6679577
286,10,0.82,0.485507246376812,0.435897435897436,0.72,0.85889694041868,0.920113194531544,0.8,0.74012474012474,0.65,0.634594594594595,0.6679577
287,10,0.82,0.485507246376812,0.435897435897436,0.72,0.85889694041868,0.920113194531544,0.8,0.74012474012474,0.65,0.634594594594595,0.6679577
288,10,0.82,0.485507246376812,0.435897435897436,0.72,0.85889694041868,0.920113194531544,0.8,0.74012474012474,0.65,0.634594594594595,0.6679577
289,10,0.82,0.485507246376812,0.435897435897436,0.72,0.85889694041868,0.920113194531544,0.8,0.74012474012474,0.65,0.634594594594595,0.6679577
290,10,0.82,0.485507246376812,0.435897435897436,0.72,0.85889694041868,0.920113194531544,0.8,0.74012474012474,0.65,0.634594594594595,0.6679577
291,10,0.82,0.485507246376812,0.435897435897436,0.72,0.85889694041868,0.920113194531544,0.8,0.74012474012474,0.65,0.634594594594595,0.6679577
292,10,0.82,0.485507246376812,0.435897435897436,0.72,0.85889694041868,0.920113194531544,0.8,0.74012474012474,0.65,0.634594594594595,0.6679577
293,10,0.82,0.485507246376812,0.435897435897436,0.72,0.85889694041868,0.920113194531544,0.8,0.74012474012474,0.65,0.634594594594595,0.6679577
294,10,0.82,0.485507246376812,0.435897435897436,0.72,0.85889694041868,0.920113194531544,0.8,0.74012474012474,0.65,0.634594594594595,0.6679577
295,10,0.82,0.485507246376812,0.435897435897436,0.72,0.85889694041868,0.920113194531544,0.8,0.74012474012474,0.65,0.634594594594595,0.6679577
296,10,0.82,0.485507246376812,0.435897435897436,0.72,0.85889694041868,0.920113194531544,0.8,0.74012474012474,0.65,0.634594594594595,0.6679577
297,10,0.82,0.485507246376812,0.435897435897436,0.72,0.85889694041868,0.920113194531544,0.8,0.74012474012474,0.65,0.634594594594595,0.6679577
298,10,0.82,0.485507246376812,0.435897435897436,0.72,0.85889694041868,0.920113194531544,0.8,0.74012474012474,0.65,0.634594594594595,0.6679577
299,10,0.82,0.485507246376812,0.435897435897436,0.72,0.85889694041868,0.920113194531544,0.8,0.74012474012474,0.65,0.634594594594595,0.6679577
300,10,0.82,0.485507246376812,0.435897435897436,0.72,0.85889694041868,0.920113194531544,0.8,0.74012474012474,0.65,0.634594594594595,0.6679577
301,10,0.82,0.485507246376812,0.435897435897436,0.72,0.85889694041868,0.920113194531544,0.8,0.74012474012474,0.65,0.634594594594595,0.6679577
302,10,0.82,0.485507246376812,0.435897435897436,0.72,0.85889694041868,0.920113194531544,0.8,0.74012474012474,0.65,0.634594594594595,0.6679577
303,10,0.82,0.485507246376812,0.435897435897436,0.72,0.85889694041868,0.920113194531544,0.8,0.74012474012474,0.65,0.634594594594595,0.6679577
304,10,0.82,0.485507246376812,0.435897435897436,0.72,0.85889694041868,0.920113194531544,0.8,0.74012474012474,0.65,0.634594594594595,0.6679577
305,11,0.9,0.485507246376812,0.384615384615385,0.76,0.931174957118353,0.920113194531544,0.7525,0.654885654885655,0.65,0.634594594594595,0.6642944
306,11,0.9,0.485507246376812,0.384615384615385,0.76,0.931174957118353,0.920113194531544,0.7525,0.654885654885655,0.65,0.634594594594595,0.6642944
307,11,0.9,0.485507246376812,0.384615384615385,0.76,0.931174957118353,0.920113194531544,0.7525,0.654885654885655,0.65,0.634594594594595,0.6642944
308,11,0.9,0.485507246376812,0.384615384615385,0.76,0.931174957118353,0.920113194531544,0.7525,0.654885654885655,0.65,0.634594594594595,0.6642944
309,11,0.9,0.485507246376812,0.384615384615385,0.76,0.931174957118353,0.920113194531544,0.7525,0.654885654885655,0.65,0.634594594594595,0.6642944
310,11,0.9,0.485507246376812,0.384615384615385,0.76,0.931174957118353,0.920113194531544,0.7525,0.654885654885655,0.65,0.634594594594595,0.6642944
311,11,0.9,0.485507246376812,0.384615384615385,0.76,0.931174957118353,0.920113194531544,0.7525,0.654885654885655,0.65,0.634594594594595,0.6642944
312,11,0.9,0.485507246376812,0.384615384615385,0.76,0.931174957118353,0.920113194531544,0.7525,0.654885654885655,0.65,0.634594594594595,0.6642944
313,11,0.9,0.485507246376812,0.384615384615385,0.76,0.931174957118353,0.920113194531544,0.7525,0.654885654885655,0.65,0.634594594594595,0.6642944
314,11,0.9,0.485507246376812,0.384615384615385,0.76,0.931174957118353,0.920113194531544,0.7525,0.654885654885655,0.65,0.634594594594595,0.6642944
315,11,0.9,0.485507246376812,0.384615384615385,0.76,0.931174957118353,0.920113194531544,0.7525,0.654885654885655,0.65,0.634594594594595,0.6642944
316,11,0.9,0.485507246376812,0.384615384615385,0.76,0.931174957118353,0.920113194531544,0.7525,0.654885654885655,0.65,0.634594594594595,0.6642944
317,11,0.9,0.485507246376812,0.384615384615385,0.76,0.931174957118353,0.920113194531544,0.7525,0.654885654885655,0.65,0.634594594594595,0.6642944
318,11,0.9,0.485507246376812,0.384615384615385,0.76,0.931174957118353,0.920113194531544,0.7525,0.654885654885655,0.65,0.634594594594595,0.6642944
319,11,0.9,0.485507246376812,0.384615384615385,0.76,0.931174957118353,0.920113194531544,0.7525,0.654885654885655,0.65,0.634594594594595,0.6642944
320,11,0.9,0.485507246376812,0.384615384615385,0.76,0.931174957118353,0.920113194531544,0.7525,0.654885654885655,0.65,0.634594594594595,0.6642944
321,11,0.9,0.485507246376812,0.384615384615385,0.76,0.931174957118353,0.920113194531544,0.7525,0.654885654885655,0.65,0.634594594594595,0.6642944
322,11,0.9,0.485507246376812,0.384615384615385,0.76,0.931174957118353,0.920113194531544,0.7525,0.654885654885655,0.65,0.634594594594595,0.6642944
323,11,0.9,0.485507246376812,0.384615384615385,0.76,0.931174957118353,0.920113194531544,0.7525,0.654885654885655,0.65,0.634594594594595,0.6642944
324,11,0.9,0.485507246376812,0.384615384615385,0.76,0.931174957118353,0.920113194531544,0.7525,0.654885654885655,0.65,0.634594594594595,0.6642944
325,11,0.9,0.485507246376812,0.384615384615385,0.76,0.931174957118353,0.920113194531544,0.7525,0.654885654885655,0.65,0.634594594594595,0.6642944
326,11,0.9,0.485507246376812,0.384615384615385,0.76,0.931174957118353,0.920113194531544,0.7525,0.654885654885655,0.65,0.634594594594595,0.6642944
327,11,0.9,0.485507246376812,0.384615384615385,0.76,0.931174957118353,0.920113194531544,0.7525,0.654885654885655,0.65,0.634594594594595,0.6642944
328,11,0.9,0.485507246376812,0.384615384615385,0.76,0.931174957118353,0.920113194531544,0.7525,0.654885654885655,0.65,0.634594594594595,0.6642944
329,11,0.9,0.485507246376812,0.384615384615385,0.76,0.931174957118353,0.920113194531544,0.7525,0.654885654885655,0.65,0.634594594594595,0.6642944
330,11,0.9,0.485507246376812,0.384615384615385,0.76,0.931174957118353,0.920113194531544,0.7525,0.654885654885655,0.65,0.634594594594595,0.6642944
331,11,0.9,0.485507246376812,0.384615384615385,0.76,0.931174957118353,0.920113194531544,0.7525,0.654885654885655,0.65,0.634594594594595,0.6642944
332,11,0.9,0.485507246376812,0.384615384615385,0.76,0.931174957118353,0.920113194531544,0.7525,0.654885654885655,0.65,0.634594594594595,0.6642944
333,11,0.9,0.485507246376812,0.384615384615385,0.76,0.931174957118353,0.920113194531544,0.7525,0.654885654885655,0.65,0.634594594594595,0.6642944
334,11,0.9,0.485507246376812,0.384615384615385,0.76,0.931174957118353,0.920113194531544,0.7525,0.654885654885655,0.65,0.634594594594595,0.6642944
335,12,0.97,0.467391304347826,0.31163708086785,0.6,0.945012264922322,0.920113194531544,0.795,0.571725571725572,0.65,0.634594594594595,0.6093052
336,12,0.97,0.467391304347826,0.31163708086785,0.6,0.945012264922322,0.920113194531544,0.795,0.571725571725572,0.65,0.634594594594595,0.6093052
337,12,0.97,0.467391304347826,0.31163708086785,0.6,0.945012264922322,0.920113194531544,0.795,0.571725571725572,0.65,0.634594594594595,0.6093052
338,12,0.97,0.467391304347826,0.31163708086785,0.6,0.945012264922322,0.920113194531544,0.795,0.571725571725572,0.65,0.634594594594595,0.6093052
339,12,0.97,0.467391304347826,0.31163708086785,0.6,0.945012264922322,0.920113194531544,0.795,0.571725571725572,0.65,0.634594594594595,0.6093052
340,12,0.97,0.467391304347826,0.31163708086785,0.6,0.945012264922322,0.920113194531544,0.795,0.571725571725572,0.65,0.634594594594595,0.6093052
341,12,0.97,0.467391304347826,0.31163708086785,0.6,0.945012264922322,0.920113194531544,0.795,0.571725571725572,0.65,0.634594594594595,0.6093052
342,12,0.97,0.467391304347826,0.31163708086785,0.6,0.945012264922322,0.920113194531544,0.795,0.571725571725572,0.65,0.634594594594595,0.6093052
343,12,0.97,0.467391304347826,0.31163708086785,0.6,0.945012264922322,0.920113194531544,0.795,0.571725571725572,0.65,0.634594594594595,0.6093052
344,12,0.97,0.467391304347826,0.31163708086785,0.6,0.945012264922322,0.920113194531544,0.795,0.571725571725572,0.65,0.634594594594595,0.6093052
345,12,0.97,0.467391304347826,0.31163708086785,0.6,0.945012264922322,0.920113194531544,0.795,0.571725571725572,0.65,0.634594594594595,0.6093052
346,12,0.97,0.467391304347826,0.31163708086785,0.6,0.945012264922322,0.920113194531544,0.795,0.571725571725572,0.65,0.634594594594595,0.6093052
347,12,0.97,0.467391304347826,0.31163708086785,0.6,0.945012264922322,0.920113194531544,0.795,0.571725571725572,0.65,0.634594594594595,0.6093052
348,12,0.97,0.467391304347826,0.31163708086785,0.6,0.945012264922322,0.920113194531544,0.795,0.571725571725572,0.65,0.634594594594595,0.6093052
349,12,0.97,0.467391304347826,0.31163708086785,0.6,0.945012264922322,0.920113194531544,0.795,0.571725571725572,0.65,0.634594594594595,0.6093052
350,12,0.97,0.467391304347826,0.31163708086785,0.6,0.945012264922322,0.920113194531544,0.795,0.571725571725572,0.65,0.634594594594595,0.6093052
351,12,0.97,0.467391304347826,0.31163708086785,0.6,0.945012264922322,0.920113194531544,0.795,0.571725571725572,0.65,0.634594594594595,0.6093052
352,12,0.97,0.467391304347826,0.31163708086785,0.6,0.945012264922322,0.920113194531544,0.795,0.571725571725572,0.65,0.634594594594595,0.6093052
353,12,0.97,0.467391304347826,0.31163708086785,0.6,0.945012264922322,0.920113194531544,0.795,0.571725571725572,0.65,0.634594594594595,0.6093052
354,12,0.97,0.467391304347826,0.31163708086785,0.6,0.945012264922322,0.920113194531544,0.795,0.571725571725572,0.65,0.634594594594595,0.6093052
355,12,0.97,0.467391304347826,0.31163708086785,0.6,0.945012264922322,0.920113194531544,0.795,0.571725571725572,0.65,0.634594594594595,0.6093052
356,12,0.97,0.467391304347826,0.31163708086785,0.6,0.945012264922322,0.920113194531544,0.795,0.571725571725572,0.65,0.634594594594595,0.6093052
357,12,0.97,0.467391304347826,0.31163708086785,0.6,0.945012264922322,0.920113194531544,0.795,0.571725571725572,0.65,0.634594594594595,0.6093052
358,12,0.97,0.467391304347826,0.31163708086785,0.6,0.945012264922322,0.920113194531544,0.795,0.571725571725572,0.65,0.634594594594595,0.6093052
359,12,0.97,0.467391304347826,0.31163708086785,0.6,0.945012264922322,0.920113194531544,0.795,0.571725571725572,0.65,0.634594594594595,0.6093052
360,12,0.97,0.467391304347826,0.31163708086785,0.6,0.945012264922322,0.920113194531544,0.795,0.571725571725572,0.65,0.634594594594595,0.6093052
361,12,0.97,0.467391304347826,0.31163708086785,0.6,0.945012264922322,0.920113194531544,0.795,0.571725571725572,0.65,0.634594594594595,0.6093052
362,12,0.97,0.467391304347826,0.31163708086785,0.6,0.945012264922322,0.920113194531544,0.795,0.571725571725572,0.65,0.634594594594595,0.6093052
363,12,0.97,0.467391304347826,0.31163708086785,0.6,0.945012264922322,0.920113194531544,0.795,0.571725571725572,0.65,0.634594594594595,0.6093052
364,12,0.97,0.467391304347826,0.31163708086785,0.6,0.945012264922322,0.920113194531544,0.795,0.571725571725572,0.65,0.634594594594595,0.6093052
365,12,0.97,0.467391304347826,0.31163708086785,0.6,0.945012264922322,0.920113194531544,0.795,0.571725571725572,0.65,0.634594594594595,0.6093052
