Name,hip_compname,hd_name_,hr_name,gj_name,constellation,hostname,sy_dist,_RAJ2000,_DEJ2000,Plx,mag,B-V,sy_rcmag,MK,K,st_tefferr,st_lum,st_lumerr,solRad,Mstar,Sun,cms,st_loggerr,st_log_rhk,st_eei_orbsep,st_eei_angsep,st_etwin_bratio,st_etwin_rcmag,st_eei_orbper,st_etwin_rvamp,st_etwin_astamp,wds_designation,wds_comp,wds_sep,wds_deltamag,sy_disks_flag,sy_disks_flag_reflink,sy_planets_flag,sy_pnum,target_group,kms,pc
HIP_42438_,,HD_72905_,HR 3391,GJ 311,3 UMa,3 Ursae Majoris A,14.4388,129.7987692,65.0209064,69.2576,5.63,0.618,5.26,G0.5V Fe-0.5,5893,14,-0.0118,0.0118,0.946,1.08,-0.07,4.53,0.03,-4.375,0.987,68.32,1.19E-10,30.07,345.2,8.74,0.191,,,,,Y,"<a href=""https://ui.adsabs.harvard.edu/abs/2008ApJ...674.1086T/abstract"" target=_blank>2008ApJ...674.1086T</a>",N,0,B,9.3,14.438848588458162
HIP_44897_,,HD_78366_,HR 3625,GJ 334.2,,HD 78366,18.9498,137.2127933,33.8822184,52.7709,5.962,0.585,5.59,G0IV-V,5992,20,0.1029,0.0131,1.045,1.08,0.04,4.5,0.04,-4.608,1.126,59.41,9.13E-11,30.69,419.8,8.16,0.165,,,,,N,,N,0,C,4.4,18.9498378841369
HIP_48113_,,HD_84737_,HR 3881,GJ 368,,HD 84737,18.8226,147.1473806,46.0210074,53.1277,5.086,0.619,4.7,G0(V),5893,13,0.4464,0.0119,1.604,1.08,0.1,4.12,0.03,-5.085,1.672,88.83,4.14E-11,30.66,761.6,6.71,0.248,,,,,N,,N,0,B,2.9,18.822572782183308
HIP_51459_,A,HD_90839_,HR 4112 A,GJ 395,36 UMa A,36 Ursae Majoris A,12.9452,157.6565803,55.9805388,77.2485,4.82,0.518,4.51,F8V,6164,21,0.2055,0.0114,1.111,1.18,-0.12,4.43,0.03,-4.775,1.267,97.87,7.21E-11,29.87,479.5,7.36,0.249,10306+5559,A,122.8,3.98,N,,N,0,A,8.6,12.945235182560179
HIP_57939_,,HD_103095_,HR 4550,GJ 451,CF UMa,Groombridge 1830,9.1718,178.2448639,37.7186817,109.0296,6.427,0.754,5.959,K1V Fe-1.5,5057,18,-0.6737,0.0041,0.6,0.85,-1.33,4.64,0.04,-4.896,0.46,50.2,5.46E-10,29.12,123.8,14.39,0.177,,,,,N,,N,0,C,2.9,9.171821230198038
HIP_61174_,,HD_109085_,HR 4775,GJ 9411,eta Crv,Eta Corvi,18.2437,188.01761,-16.1960052,54.8135,4.297,0.378,4.07,F2V,6871,48,0.665,0.0223,1.517,1.44,-0.06,4.242,0.08,-4.313,2.15,117.86,2.5E-11,30.57,959.7,5.11,0.246,12321-1612,A,12.9,15.8,Y,"<a href=""https://ui.adsabs.harvard.edu/abs/2020AJ....159..177E/abstract"" target=_blank>2020AJ....159..177E</a>",N,0,C,66.8,18.243680845047297
HIP_61317_,,HD_109358_,HR 4785,GJ 475,bet CVn,Chara,8.4727,188.4356011,41.3574781,118.0266,4.26,0.585,3.89,G0V,5878,14,0.0611,0.0068,1.034,1.08,-0.2,4.42,0.02,-4.97,1.073,126.62,1.01E-10,28.88,390.6,8.36,0.352,12337+4121,A,265.7,6.39,N,,N,0,A,2.8,8.47266633114908
HIP_64408_,,HD_114613_,HR 4979,GJ 9432,,HD 114613,20.4628,198.0132679,-37.8030222,48.8691,4.847,0.701,4.462,G4IV,5688,14,0.6256,0.0114,2.116,0.99,0.16,3.92,0.03,-5.068,2.055,100.42,2.74E-11,30.87,1081.4,6.31,0.305,,,,,N,,Y,1,C,2.7,20.462828249343655
HIP_71284_,,HD_128167_,HR 5447,GJ 557,sig Boo,Sigma Bootis,15.756,218.6700724,29.7451271,63.4679,4.465,0.364,4.23,F4VkF2mF1,6745,73,0.5027,0.0179,1.306,1.39,-0.41,4.26,0.03,-4.507,1.784,113.21,3.64E-11,30.33,738.1,5.72,0.245,14347+2945,A,214.5,6.16,Y,"<a href=""https://ui.adsabs.harvard.edu/abs/2016A&A...593A..51M/abstract"" target=_blank>2016A&A...593A..51M</a>",N,0,B,8.1,15.755996338306451
HIP_75181_,,HD_136352_,HR 5699,GJ 582,nu2 Lup,Nu2 Lupi,14.7391,230.4506246,-48.3176305,67.8467,5.655,0.639,5.285,G2.5V Hdel1,5685,17,0.0124,0.011,1.046,1.02,-0.34,4.37,0.04,-4.932,1.014,68.82,1.12E-10,30.16,369.5,8.85,0.203,,,,,N,,Y,3,B,2.4,14.739110376775878
HIP_77760_,,HD_142373_,HR 5914,GJ 602,chi Her,Chi Herculis,15.8975,238.168921,42.4515175,62.9028,4.608,0.559,4.2,G0V Fe+0.4,5820,30,0.4964,0.0116,1.742,1.08,-0.47,4.06,0.04,-5.042,1.771,111.39,3.69E-11,30.28,828.3,6.51,0.31,,,,,N,,N,0,A,3.4,15.897543511576592
HIP_78072_,,HD_142860_,HR 5933,GJ 603,gam Ser,Gamma Serpentis,11.2537,239.1132612,15.6616168,88.86,3.843,0.478,3.504,F6V,6285,13,0.4827,0.0073,1.47,1.25,-0.18,4.14,0.03,-4.82,1.743,154.91,3.81E-11,29.55,752.0,6.1,0.372,15565+1540,A,313.4,7.61,N,,N,0,A,9.9,11.253657438667567
HIP_80337_,,HD_147513_,HR 6094,GJ 9559,,HD 147513,12.8923,246.0053797,-39.1929805,77.5655,5.37,0.625,5.01,G1V CH-0.4(k),5868,12,3.0E-4,0.0121,0.968,1.07,0.05,4.53,0.02,-4.45,1.0,77.6,1.16E-10,29.85,353.3,8.7,0.218,16240-3912,A,345.0,5.53,N,,Y,1,A,2.2,12.892329708439963
HIP_86796_,,HD_160691_,HR 6585,GJ 691,mu Ara,Cervantes,15.6042,266.0362631,-51.8340532,64.0853,5.124,0.7,4.735,G3V,5761,11,0.2785,0.0112,1.383,1.0,0.29,4.25,0.02,-5.04,1.378,88.31,6.09E-11,30.27,590.8,7.67,0.265,,,,,N,,Y,4,B,3.8,15.604202523823716
HIP_88694_,A,HD_165185_,HR 6748,GJ 702.1,,HD 165185,17.1146,271.5988313,-36.0197863,58.4296,5.949,0.618,5.6,G0V,5892,36,0.0186,0.0126,0.98,1.08,-0.05,4.38,0.09,-4.406,1.022,59.69,1.11E-10,30.49,362.9,8.57,0.166,18064-3601,A,12.3,7.0,N,,N,0,C,7.3,17.114613141284554
HIP_88972_,,HD_166620_,HR 6806,GJ 706,,HD 166620,11.0959,272.4059009,38.4577772,90.1234,6.377,0.876,5.89,K2V,5028,17,-0.4401,0.0109,0.794,0.78,-0.18,4.5,0.03,-4.955,0.603,54.3,3.19E-10,29.63,193.4,13.13,0.209,18096+3827,A,769.2,12.77,N,,N,0,C,0.6,11.095897402894254
HIP_95447_,,HD_182572_,HR 7373,GJ 759,31 Aql,31 Aquilae,14.922,291.2424999,11.9444135,67.0153,5.169,0.761,4.66,G7IV-V,5593,19,0.233,0.0096,1.393,0.95,0.38,4.19,0.03,-5.099,1.308,87.63,6.77E-11,30.08,560.4,8.07,0.277,19250+1157,A,4.2,6.47,N,,N,0,C,1.9,14.921965580994192
HIP_97295_,A,HD_187013_,HR 7534 A,GJ 9670A,17 Cyg A,17 Cygni A,20.9857,296.6066669,33.7275982,47.6516,5.005,0.476,4.697,F5.5IV-V,6455,28,0.5485,0.0156,1.503,1.29,0.03,4.26,0.06,-4.922,1.88,89.61,3.27E-11,30.91,829.3,5.78,0.209,19464+3344,A,25.9,4.19,N,,N,0,C,8.2,20.98565420678424
HIP_100017_,,HD_193664_,HR 7783,GJ 788,,HD 193664,17.4813,304.3805338,66.853689,57.2041,5.922,0.602,5.58,G0V,5930,18,0.0458,0.012,0.999,1.08,-0.1,4.48,0.03,-4.927,1.054,60.3,1.04E-10,30.54,380.4,8.43,0.168,,,,,N,,N,0,C,2.7,17.481264454820547
HIP_104217_,,HD_201092_,HR 8086,GJ 820B,61 Cyg B,61 Cygni B,3.4964,316.730266,38.742044,286.0054,6.043,1.309,5.197,K7V,4107,51,-1.1091,0.015,0.551,0.63,-0.21,4.47,0.08,-4.891,0.279,79.77,1.49E-9,27.27,67.8,21.47,0.38,21069+3845,B,19.6,-0.85,N,,N,0,A,1.8,3.496437479851779
HIP_108870_,,HD_209100_,HR 8387,GJ 845A,eps Ind,Epsilon Indi,3.6384,330.8402234,-56.7859786,274.8431,4.674,1.06,4.065,K4V(k),4641,21,-0.654,0.021,0.728,0.72,-0.13,4.29,0.22,-4.559,0.471,129.45,5.22E-10,27.27,139.1,15.46,0.54,22034-5647,A,403.1,19.17,N,,Y,1,A,1.4,3.6384395314999725
HIP_950_,,HD_739_,HR 35,GJ 3013,tet Scl,Theta Sculptoris,21.7191,2.9334212,-35.1331147,46.0425,5.241,0.459,4.951,F5V,6495,85,0.4814,0.0177,1.375,1.33,-0.11,4.3,0.03,-4.715,1.741,80.14,3.82E-11,31.0,727.3,5.92,0.181,,,,,N,,N,0,C,10,21.71906390834555
HIP_3909_,,HD_4813_,HR 235,GJ 37,19 Cet,19 Ceti,15.923,12.5316207,-10.6443289,62.8022,5.176,0.514,4.85,F7V,6208,15,0.2506,0.0152,1.153,1.21,-0.12,4.39,0.03,-4.865,1.334,83.8,6.5E-11,30.32,511.8,7.08,0.208,,,,,N,,N,0,A,3.9,15.923009066561363
HIP_7751_,A,HD_10360_,HR 486,GJ 66B,p Eri A,p Eridani A,8.1894,24.9492196,-56.1933179,122.1088,5.764,0.858,5.262,K2V,5025,21,-0.4617,0.0103,0.775,0.78,-0.24,4.6,0.05,-4.753,0.588,71.76,3.35E-10,28.95,186.3,13.29,0.276,01398-5612,A,11.3,0.12,N,,N,0,A,1.8,8.189417961686626
HIP_7981_,,HD_10476_,HR 493,GJ 68,107 Psc,107 Piscium,7.6439,25.6240105,20.2685127,130.8234,5.241,0.836,4.78,K1V,5204,11,-0.3434,0.0096,0.828,0.85,-0.04,4.49,0.03,-4.912,0.673,88.1,2.55E-10,28.76,218.9,11.9,0.311,01425+2016,A,54.1,6.36,N,,N,0,A,0.1,7.643892453490737
HIP_10798_,,HD_14412_,HR 683,GJ 95,,HD 14412,12.8347,34.7437699,-25.9456872,77.914,6.336,0.724,5.97,G8V,5401,14,-0.3509,0.0093,0.762,0.94,-0.49,4.59,0.03,-4.85,0.668,52.02,2.6E-10,29.93,205.5,11.36,0.166,,,,,N,,N,0,C,2.7,12.834663860153503
HIP_15330_,,HD_20766_,HR 1006,GJ 136,zet1 Ret,Zeta1 Reticuli,12.0447,49.4423477,-62.5753201,83.024,5.513,0.641,5.16,G2IV,5710,13,-0.1,0.0115,0.911,1.01,-0.23,4.5,0.03,-4.646,0.891,74.0,1.46E-10,29.75,305.8,9.49,0.22,03182-6230,B,309.1,-0.27,N,,N,0,A,2.7,12.044709963384081
HIP_15510_,,HD_20794_,HR 1008,GJ 139,82 Eri,82 Eridani,6.0414,49.9818788,-43.069782,165.5242,4.258,0.708,3.85,G6V,5432,12,-0.1842,0.0091,0.913,0.97,-0.39,4.46,0.03,-4.998,0.809,133.89,1.77E-10,28.23,269.8,10.16,0.415,,,,,Y,"<a href=""https://ui.adsabs.harvard.edu/abs/2016A&A...593A..51M/abstract"" target=_blank>2016A&A...593A..51M</a>",Y,4,B,0.9,6.041412675608763
HIP_17651_,,HD_23754_,HR 1173,GJ 155,27 Eri,27 Eridani,17.7847,56.7120305,-23.2497228,56.2281,4.21,0.428,3.97,F5IV-V,6685,80,0.7049,0.0183,1.678,1.33,0.08,4.141,0.09,-4.855,2.251,126.59,2.28E-11,30.57,1069.8,5.2,0.286,,,,,N,,N,0,C,13.2,17.784701955072286
HIP_22263_,,HD_30495_,HR 1532,GJ 177,58 Eri,58 Eridani,13.24,71.9012154,-16.9344557,75.5289,5.489,0.632,5.115,G1.5V(n),5833,10,-0.0149,0.0122,0.962,1.04,0.0,4.49,0.02,-4.511,0.983,74.24,1.2E-10,29.92,349.1,8.9,0.214,,,,,Y,"<a href=""https://ui.adsabs.harvard.edu/abs/2008ApJ...674.1086T/abstract"" target=_blank>2008ApJ...674.1086T</a>",N,0,B,2.9,13.239965099451998
HIP_26394_,,HD_39091_,HR 2022,GJ 9189,pi Men,Pi Mensae,18.2874,84.2911952,-80.4691207,54.6825,5.666,0.6,5.31,G0V,5982,15,0.1856,0.0132,1.153,1.08,0.09,4.39,0.03,-4.9,1.238,67.71,7.55E-11,30.62,484.2,7.78,0.188,,,,,Y,"<a href=""https://ui.adsabs.harvard.edu/abs/2018MNRAS.475.3046S/abstract"" target=_blank>2018MNRAS.475.3046S</a>",Y,3,B,2.7,18.287386275316603
HIP_27072_,A,HD_38393_,HR 1983,GJ 216A,gam Lep A,Gamma Leporis A,8.905,86.1157942,-22.4483855,112.296,3.596,0.481,3.295,F6.5V,6313,26,0.37,0.0158,1.28,1.23,-0.08,4.35,0.04,-4.774,1.531,171.94,4.94E-11,29.06,623.9,6.56,0.42,05445-2227,A,95.5,2.64,N,,N,0,A,7.2,8.905036688751157
HIP_32480_,,HD_48682_,HR 2483,GJ 245,56 Aur,56 Aurigae,16.6106,101.6847372,43.5774246,60.2024,5.252,0.575,4.93,F9V,6066,30,0.2617,0.0143,1.224,1.14,0.11,4.38,0.07,-4.93,1.352,81.37,6.33E-11,30.43,537.5,7.25,0.214,06467+4335,A,29.4,3.34,Y,"<a href=""https://ui.adsabs.harvard.edu/abs/2006ApJ...652.1674B/abstract"" target=_blank>2006ApJ...652.1674B</a>",N,0,C,3.6,16.61063346311775
HIP_32984_,A,HD_50281_,,GJ 250A,,HD 50281,8.7447,103.0752106,-5.1737127,114.3547,6.562,1.056,5.975,K3.5V,4767,31,-0.6583,0.0191,0.687,0.79,0.02,4.54,0.08,-4.554,0.469,53.59,5.27E-10,29.17,131.8,14.79,0.204,06523-0510,A,58.9,3.45,N,,N,0,C,2.7,8.744721467504178
HIP_34065_,,HD_53705_,HR 2667,GJ 9223A,,HD 53705,17.0593,105.9888134,-43.608035,58.6192,5.56,0.624,5.181,G1.5V,5790,15,0.1731,0.0115,1.213,1.04,-0.22,4.33,0.04,-4.93,1.221,71.55,7.77E-11,30.46,483.0,7.99,0.207,07040-4337,A,21.3,1.07,N,,N,0,B,3.6,17.0592570352376
HIP_35136_,,HD_55575_,HR 2721,GJ 1095,,HD 55575,16.8518,108.9589132,47.2399634,59.3408,5.559,0.576,5.19,F9V,5902,14,0.1652,0.0125,1.157,1.14,-0.32,4.32,0.03,-4.95,1.209,71.77,7.91E-11,30.44,455.0,7.66,0.189,,,,,N,,N,0,B,2.9,16.85181190681622
HIP_33277_,,HD_50692_,HR 2569,GJ 252,37 Gem,37 Geminorum,17.4047,103.8277765,25.3756954,57.4559,5.763,0.573,5.4,G0V,5924,17,0.1117,0.0123,1.08,1.08,-0.12,4.44,0.04,-4.96,1.137,65.34,8.95E-11,30.52,426.2,8.12,0.182,,,,,N,,N,0,B,2.9,17.404652959922306
HIP_71683_,,HD_128620_,HR 5459,GJ 559A,alf Cen A,Rigil Kentaurus,1.3319,219.9020583,-60.8339927,750.81,0.002,0.653,-0.352,G2V,5776,16,0.1821,0.0043,1.231,1.11,0.2,4.3,0.03,-5.084,1.233,925.96,7.61E-11,24.94,475.8,7.71,2.516,14396-6050,A,5.3,1.34,N,,N,0,B,3.2,1.3318948868555294
HIP_78459_,,HD_143761_,HR 5968,GJ 9537,rho CrB,Rho Coronae Borealis,17.5108,240.2610854,33.303511,57.1076,5.41,0.601,5.01,G0IV,5812,11,0.2582,0.012,1.328,0.97,-0.22,4.25,0.03,-5.039,1.346,76.87,6.39E-11,30.5,579.2,7.88,0.238,16010+3318,A,141.5,5.04,N,,Y,2,B,1.5,17.510804166170526
HIP_105090_,,HD_202560_,,GJ 825,AX Mic,Lacaille 8760,3.9696,319.3136211,-38.8673622,251.9124,6.69,1.397,5.77,M0V,3874,,-1.0809,,0.64,0.59,-0.01,4.78,0.02,-4.605,0.288,72.58,1.39E-9,27.91,73.9,21.92,0.373,,,,,N,,N,0,A,0.9,3.969633888605722
HIP_3765_,,HD_4628_,HR 222,GJ 33,,HD 4628,7.4352,12.0957332,5.2806137,134.4948,5.729,0.89,5.21,K2V,5007,20,-0.5226,0.0113,0.728,0.78,-0.26,4.62,0.03,-4.852,0.548,73.69,3.85E-10,28.75,167.7,13.77,0.284,00484+0517,A,,,N,,N,0,A,1.8,7.435231696690132
HIP_22449_,,HD_30652_,HR 1543,GJ 178,pi3 Ori,Tabit,8.0684,72.4600454,6.9612745,123.94,3.184,0.484,2.92,F6V,6443,14,0.433,0.0083,1.321,1.25,0.03,4.3,0.03,-4.65,1.646,204.03,4.27E-11,28.84,690.0,6.27,0.49,04498+0658,A,73.2,8.09,N,,N,0,A,15.3,8.06842020332419
HIP_107649_,,HD_207129_,HR 8323,GJ 838,,HD 207129,15.5589,327.0656298,-47.3036161,64.2717,5.575,0.601,5.235,G0VmF2,5935,15,0.0817,0.0125,1.039,1.08,-0.03,4.41,0.03,-4.8,1.099,70.61,9.59E-11,30.28,404.7,8.26,0.196,21483-4718,A,79.0,3.12,Y,"<a href=""https://ui.adsabs.harvard.edu/abs/2010AJ....140.1051K/abstract"" target=_blank>2010AJ....140.1051K</a>",N,0,C,1.8,15.558947406090084
HIP_50954_,,HD_90589_,HR 4102,GJ 391,,HD 90589,16.2232,156.0987749,-74.0316121,61.64,3.99,0.361,3.76,F3V,6905,80,0.7128,0.0178,1.587,1.43,0.05,4.228,0.09,-4.685,2.272,140.04,2.24E-11,30.38,1046.0,4.99,0.294,,,,,N,,N,0,C,40.7,16.223231667748216
HIP_64924_,,HD_115617_,HR 5019,GJ 506,61 Vir,61 Virginis,8.5344,199.6013083,-18.3111938,117.1726,4.735,0.709,4.33,G6.5V,5552,9,-0.0833,0.006,0.982,0.97,-0.01,4.41,0.02,-5.001,0.909,106.46,1.4E-10,28.96,322.0,9.61,0.331,13184-1819,A,387.7,5.92,Y,"<a href=""https://ui.adsabs.harvard.edu/abs/2008ApJ...674.1086T/abstract"" target=_blank>2008ApJ...674.1086T</a>",Y,3,B,1.8,8.534418456191977
HIP_77257_,,HD_141004_,HR 5868,GJ 598,lam Ser,Lambda Serpentis,11.9159,236.6108925,7.3530687,83.9214,4.422,0.603,4.075,G0-V(k),5898,10,0.3018,0.0128,1.356,1.09,-0.01,4.18,0.02,-5.004,1.415,118.79,5.78E-11,29.67,589.2,7.25,0.327,,,,,N,,Y,1,A,3.3,11.915911793654537
HIP_99825_,,HD_192310_,HR 7722,GJ 785,,HD 192310,8.8116,303.8224641,-27.0329754,113.4872,5.73,0.878,5.23,K2+V,5087,11,-0.3936,0.0107,0.818,0.77,0.03,4.48,0.02,-5.011,0.636,72.14,2.86E-10,29.09,210.9,12.86,0.281,,,,,N,,Y,2,A,0.6,8.81156641453838
HIP_544_,,HD_166_,HR 8,GJ 5,V439 And,V439 Andromedae,13.7662,1.6532667,29.0215035,72.6419,6.093,0.752,5.63,G8V,5491,18,-0.1889,0.0104,0.889,0.94,0.11,4.55,0.03,-4.384,0.805,58.44,1.79E-10,30.0,271.9,10.35,0.187,00066+2901,A,10.2,12.6,Y,"<a href=""https://ui.adsabs.harvard.edu/abs/2008ApJ...674.1086T/abstract"" target=_blank>2008ApJ...674.1086T</a>",N,0,B,3.6,13.766159750777442
HIP_15371_,,HD_20807_,HR 1010,GJ 138,zet2 Ret,Zeta2 Reticuli,12.0394,49.553412,-62.5063624,83.0606,5.232,0.6,4.885,G1V,5847,13,0.0073,0.0119,0.983,1.07,-0.23,4.46,0.02,-4.787,1.008,83.77,1.14E-10,29.74,357.6,8.66,0.235,03182-6230,A,309.1,0.27,N?,,N,0,A,2.7,12.039402556687527
HIP_56997_,,HD_101501_,HR 4496,GJ 434,61 UMa,61 Ursae Majoris,9.5762,175.2625678,34.2016338,104.4252,5.308,0.723,4.91,G8V,5491,24,-0.2154,0.0064,0.862,0.94,-0.05,4.54,0.02,-4.546,0.78,81.49,1.9E-10,29.21,259.7,10.51,0.26,11411+3412,A,158.9,5.96,N,,N,0,A,2.3,9.576232556892398
HIP_84478_,,HD_156026_,,GJ 664,36 Oph C,Guniibuu C,5.9537,259.0556767,-26.5461491,167.9617,6.295,1.144,5.618,K5V(k),4476,24,-0.8027,0.0273,0.66,0.68,-0.21,4.57,0.06,-4.662,0.397,66.66,7.35E-10,28.45,110.7,17.32,0.294,17153-2636,C,731.6,-1.34,N,,N,0,A,3.3,5.953738262949232
HIP_85235_,,HD_158633_,HR 6518,GJ 675,,HD 158633,12.7919,261.2504073,67.306708,78.1747,6.443,0.759,5.95,K0V,5302,16,-0.3843,0.0098,0.761,0.87,-0.46,4.58,0.04,-4.959,0.642,50.22,2.8E-10,29.83,201.6,12.04,0.173,,,,,N,,N,0,C,1.3,12.791862328860871
HIP_102485_,,HD_197692_,HR 7936,GJ 805,psi Cap,Psi Capricorni,14.6334,311.5238859,-25.2708975,68.337,4.137,0.426,3.88,F5V,6638,80,0.5478,0.0178,1.42,1.33,0.04,4.238,0.08,-4.04,1.879,128.39,3.28E-11,30.09,815.6,5.69,0.29,20461-2516,A,11.4,12.4,N,,N,0,C,42.2,14.633361136719492
HIP_109422_,,HD_210302_,HR 8447,GJ 9770,tau PsA,Tau Piscis Austrini,18.4579,332.5365841,-32.5484084,54.1773,4.94,0.488,4.63,F6V,6364,28,0.4651,0.0157,1.405,1.25,0.1,4.2,0.04,-4.911,1.708,92.54,3.97E-11,30.63,729.4,6.16,0.222,,,,,N,,N,0,A,12.6,18.457915030833945
HIP_25110_,,HD_33564_,HR 1686,GJ 196,,HD 33564,20.7858,80.6397108,79.2311507,48.1098,5.08,0.506,4.79,F7V,6354,32,0.5171,0.0165,1.496,1.21,0.12,4.2,0.08,-4.979,1.814,87.25,3.52E-11,30.92,811.0,6.08,0.217,05226+7914,A,31.1,4.0,N,,Y,1,C,11.7,20.785785848205563
HIP_26779_,,HD_37394_,HR 1925,GJ 211,V538 Aur,V538 Aurigae,12.2701,85.334732,53.481058,81.4987,6.2,0.84,5.73,K1V,5226,36,-0.3209,0.0104,0.843,0.88,0.1,4.52,0.03,-4.454,0.691,56.33,2.42E-10,29.77,223.7,11.54,0.192,05413+5329,A,97.9,3.55,N,,N,0,B,3,12.270134370241488
HIP_43726_,,HD_76151_,HR 3538,GJ 327,,HD 76151,16.8465,133.5747796,-5.4344595,59.3595,6.008,0.661,5.64,G2V,5780,9,-0.0127,0.0115,0.983,1.02,0.1,4.49,0.02,-4.659,0.985,58.5,1.19E-10,30.45,353.8,8.98,0.172,,,,,Y,"<a href=""https://ui.adsabs.harvard.edu/abs/2008ApJ...674.1086T/abstract"" target=_blank>2008ApJ...674.1086T</a>",N,0,C,2.4,16.846503087121693
HIP_73996_,,HD_134083_,HR 5634,GJ 578,45 Boo,45 Bootis,19.536,226.8252747,24.8691943,51.1875,4.94,0.429,4.664,F5V,6435,44,0.5125,0.0174,1.451,1.33,-0.02,4.19,0.06,-4.535,1.804,92.35,3.56E-11,30.79,767.5,5.81,0.209,15073+2452,A,103.4,6.56,N,,N,0,B,43,19.536019536019538
HIP_89348_,,HD_168151_,HR 6850,GJ 9619,36 Dra,36 Draconis,23.1569,273.4743034,64.3972849,43.1837,4.99,0.44,4.69,F5V,6473,38,0.6202,0.0154,1.624,1.33,-0.29,4.09,0.04,-4.545,2.042,88.19,2.77E-11,31.08,924.3,5.46,0.199,18139+6424,A,3.4,6.03,N,,N,0,C,9.7,23.156885584144018
HIP_114924_,,HD_219623_,HR 8853,GJ 4324,,HD 219623,20.6102,349.1762648,53.2134748,48.5197,5.58,0.556,5.28,F8V,6084,24,0.3101,0.0133,1.286,1.18,0.03,4.19,0.03,-4.993,1.429,69.34,5.67E-11,30.9,574.4,6.93,0.176,23167+5313,A,150.4,7.77,N,,N,0,C,5.4,20.610185141293123
HIP_29800_,,HD_43386_,HR 2241,GJ 9207,74 Ori,74 Orionis,19.5879,94.1109129,12.2721632,51.0518,5.04,0.431,4.78,F5V,6480,80,0.4708,0.0174,1.364,1.33,-0.03,4.307,0.08,-4.58,1.719,87.78,3.91E-11,30.8,714.1,5.95,0.198,06164+1216,A,32.1,7.46,N,,N,0,B,17.1,19.58794792739923
HIP_47592_,,HD_84117_,HR 3862,GJ 364,,HD 84117,14.9515,145.5600675,-23.9155672,66.8827,4.914,0.534,4.615,F9V,6163,20,0.2961,0.0141,1.233,1.14,-0.06,4.34,0.03,-5.023,1.406,94.05,5.85E-11,30.2,570.5,7.11,0.248,,,,,N,,N,0,A,5.3,14.95154950383283
HIP_73184_,,HD_131977_,HR 5568 A,GJ 570A,KX Lib,GJ 570A,5.8864,224.36667,-21.4154798,169.8843,5.724,1.108,4.935,K4V,4632,15,-0.6526,0.02,0.732,0.72,0.02,4.49,0.08,-4.484,0.472,80.14,5.2E-10,28.14,139.5,15.44,0.334,14575-2125,A,26.2,2.3,N,,N,0,A,3.5,5.886359127947668
HIP_96100_,,HD_185144_,HR 7462,GJ 764,sig Dra,Alsafi,5.7639,293.0899592,69.6611766,173.4939,4.672,0.786,4.21,K0V,5298,14,-0.3624,0.0116,0.782,0.87,-0.21,4.52,0.02,-4.832,0.659,114.32,2.67E-10,28.15,209.4,11.89,0.395,19324+6940,A,11.0,18.04,N,,N,0,A,1.8,5.763891410591381
HIP_23311_,,HD_32147_,HR 1614,GJ 183,,HD 32147,8.844,75.2041639,-5.7536734,113.0715,6.202,1.053,5.61,K3+V,4810,20,-0.5373,0.0139,0.776,0.75,0.31,4.46,0.04,-4.948,0.539,60.91,3.99E-10,29.11,166.8,14.16,0.244,,,,,N,,N,0,B,1.4,8.843961564143042
HIP_25278_,,HD_35296_,HR 1780,GJ 202,111 Tau,111 Tauri,14.5792,81.106097,17.3835351,68.5908,5.009,0.544,4.7,F8V,6131,18,0.2499,0.0139,1.182,1.18,0.01,4.29,0.03,-4.378,1.333,91.45,6.51E-11,30.17,517.7,7.18,0.233,05244+1723,A,106.7,3.73,N,,N,0,A,14.4,14.57921470517912
HIP_15457_,,HD_20630_,HR 996,GJ 137,kap1 Cet,Kappa1 Ceti,9.2762,49.8404013,3.3701986,107.8023,4.85,0.681,4.438,G5V,5709,11,-0.0669,0.0117,0.946,0.98,0.04,4.51,0.02,-4.42,0.926,99.81,1.35E-10,29.11,328.7,9.45,0.306,03194+0322,A,263.6,3.94,N,,N,0,A,4.5,9.276239931801085
HIP_38423_,A,HD_64379_,HR 3079,GJ 292A,212 Pup A,212 Puppis A,18.3274,118.0652624,-34.7054399,54.5631,5.085,0.459,4.773,F5V Fe-0.5,6525,80,0.4043,0.0173,1.246,1.33,-0.08,4.276,0.09,-4.363,1.593,86.9,4.56E-11,30.63,636.6,6.18,0.196,07523-3442,A,3.9,3.47,N,,N,0,C,48.4,18.32740441800411
HIP_12843_,,HD_17206_,HR 818,GJ 111,1 Eri,1 Eridani,14.2764,41.2758283,-18.5726228,70.0459,4.465,0.479,4.172,F7V,6330,52,0.4178,0.0171,1.345,1.21,0.07,4.36,0.09,-4.461,1.618,113.32,4.42E-11,30.06,683.3,6.43,0.281,,,,,N,,N,0,A,27.3,14.27635307705376
HIP_105858_,,HD_203608_,HR 8181,GJ 827,gam Pav,Gamma Pavonis,9.2584,321.6108541,-65.3661981,108.0102,4.229,0.483,3.91,F9V Fe-1.4 CH-0.7,6095,24,0.166,0.0143,1.086,1.14,-0.7,4.3,0.04,-4.491,1.211,130.75,7.9E-11,29.17,455.6,7.66,0.344,,,,,N,,N,0,A,3.4,9.258384856245058
HIP_8362_,,HD_10780_,HR 511,GJ 75,V987 Cas,V987 Cassiopeiae,10.0411,26.9368101,63.8525031,99.5902,5.626,0.804,5.23,G9V,5358,11,-0.2874,0.0084,0.834,0.9,0.03,4.48,0.03,-4.681,0.718,71.54,2.24E-10,29.35,234.4,11.19,0.239,01477+6351,A,10.2,6.86,N,,N,0,A,0.9,10.041148627073749
HIP_89042_,,HD_165499_,HR 6761,GJ 9616,iot Pav,Iota Pavonis,17.7532,272.6089738,-62.00222,56.328,5.469,0.587,5.12,G0V,5951,29,0.2384,0.0125,1.238,1.08,-0.07,4.29,0.07,-4.854,1.316,74.12,6.68E-11,30.56,530.5,7.55,0.206,,,,,N,,N,0,B,4.2,17.753160062491123
HIP_1599_,,HD_1581_,HR 77,GJ 17,zet Tuc,Zeta Tucanae,8.6071,5.0177443,-64.8747937,116.1826,4.223,0.572,3.885,F9.5V,5932,12,0.101,0.0134,1.063,1.11,-0.21,4.43,0.02,-4.839,1.123,130.51,9.17E-11,28.98,412.8,8.06,0.353,,,,,Y,"<a href=""https://ui.adsabs.harvard.edu/abs/2008ApJ...674.1086T/abstract"" target=_blank>2008ApJ...674.1086T</a>",N,0,B,4.9,8.607140828316805
HIP_18859_,,HD_25457_,HR 1249,GJ 159,,HD 25457,18.707,60.6531011,-0.2689222,53.4559,5.361,0.516,5.045,F7V,6268,26,0.3062,0.0156,1.206,1.21,0.1,4.34,0.04,-4.39,1.423,76.05,5.72E-11,30.65,563.4,6.86,0.189,,,,,Y,"<a href=""https://ui.adsabs.harvard.edu/abs/2008ApJ...677..630H/abstract"" target=_blank>2008ApJ...677..630H</a>",N,0,C,17.7,18.707008955045186
HIP_19335_,,HD_25998_,HR 1278,GJ 9145,50 Per,50 Persei,21.1919,62.1525715,38.0397386,47.1878,5.522,0.52,5.218,F8V,6381,74,0.3627,0.0164,1.242,1.18,0.19,4.61,0.14,-4.401,1.518,71.65,5.02E-11,30.97,629.1,6.72,0.182,,,,,N,,N,0,C,16.2,21.19191825005616
HIP_7978_,,HD_10647_,HR 506,GJ 3109,q1 Eri,q1 Eridani,17.3488,25.6221438,-53.740831,57.6409,5.52,0.551,5.21,F9V,6155,17,0.1904,0.0139,1.095,1.14,-0.04,4.44,0.03,-4.675,1.245,71.77,7.47E-11,30.53,475.3,7.55,0.189,,,,,Y,"<a href=""https://ui.adsabs.harvard.edu/abs/2006ApJ...636.1098B/abstract"" target=_blank>2006ApJ...636.1098B</a>",Y,1,C,5.4,17.348792263826553
HIP_116771_,,HD_222368_,HR 8969,GJ 904,iot Psc,Iota Piscium,13.7137,354.9876724,5.626291,72.92,4.132,0.507,3.837,F7V,6200,15,0.5275,0.0106,1.591,1.21,-0.14,4.15,0.03,-4.924,1.836,133.85,3.43E-11,30.0,825.8,6.04,0.332,23399+0538,A,122.6,9.92,Y,"<a href=""https://ui.adsabs.harvard.edu/abs/2016A&A...593A..51M/abstract"" target=_blank>2016A&A...593A..51M</a>",N,0,C,6.3,13.713658804168952
HIP_86736_,,HD_160915_,HR 6595,GJ 692,58 Oph,58 Ophiuchi,17.6523,265.8574731,-21.6831941,56.65,4.86,0.469,4.585,F5V,6404,36,0.4315,0.0168,1.335,1.33,-0.11,4.26,0.08,-4.698,1.643,93.1,4.28E-11,30.51,667.2,6.09,0.21,17434-2141,,0.0,1.8,N,,N,0,C,11.7,17.6522506619594
HIP_98767_,,HD_190360_,HR 7670,GJ 777A,,HD 190360,16.0035,300.9058545,29.8968035,62.4865,5.745,0.749,5.3,G7V,5563,11,0.0665,0.0097,1.162,0.96,0.22,4.32,0.02,-5.102,1.08,67.46,9.93E-11,30.31,418.1,8.84,0.211,20036+2954,A,178.1,9.07,N,,Y,2,B,0.8,16.003456746657278
HIP_114622_,,HD_219134_,HR 8832,GJ 892,,HD 219134,6.5418,348.320729,57.1683566,152.864,5.54,1.0,5.03,K3V,4874,28,-0.5753,0.0081,0.723,0.75,0.06,4.56,0.03,-4.922,0.516,78.82,4.35E-10,28.43,156.2,14.47,0.316,23133+5710,A,11.2,8.25,N,,Y,6,A,1.8,6.541762612518316
HIP_4151_,,HD_5015_,HR 244,GJ 41,,HD 5015,18.8007,13.2674852,61.123972,53.1896,4.8,0.54,4.497,F8V,6105,23,0.5355,0.0077,1.656,1.18,0.05,4.11,0.05,-4.398,1.853,98.54,3.37E-11,30.68,847.8,6.09,0.251,00531+6107,A,13.5,6.16,N,,N,0,C,8.6,18.800667799720248
HIP_114948_,,HD_219482_,HR 8843,GJ 1282,,HD 219482,20.4426,349.2403645,-62.0011978,48.9174,5.655,0.521,5.36,F6V,6280,31,0.2754,0.0158,1.16,1.25,-0.03,4.37,0.08,-4.434,1.373,67.17,6.14E-11,30.89,525.6,6.87,0.161,23170-6200,A,10.2,12.0,Y,"<a href=""https://ui.adsabs.harvard.edu/abs/2018MNRAS.475.3046S/abstract"" target=_blank>2018MNRAS.475.3046S</a>",N,0,C,7.6,20.442623688094624
HIP_5862_,,HD_7570_,HR 370,GJ 55,nu Phe,Nu Phoenicis,15.2609,18.7963393,-45.5316646,65.527,4.966,0.571,4.64,F9V Fe+0.4,6110,12,0.3018,0.0141,1.263,1.14,0.16,4.34,0.03,-4.95,1.415,92.75,5.78E-11,30.24,576.1,7.08,0.244,,,,,Y,"<a href=""https://ui.adsabs.harvard.edu/abs/2016A&A...593A..51M/abstract"" target=_blank>2016A&A...593A..51M</a>",N,0,B,4.7,15.260884826102217
HIP_99240_,,HD_190248_,HR 7665,GJ 780,del Pav,Delta Pavonis,6.0993,302.1817036,-66.1820674,163.9544,3.556,0.76,3.135,G8IV-V,5576,17,0.0969,0.0107,1.198,0.94,0.35,4.29,0.02,-4.999,1.118,183.29,9.26E-11,28.22,445.3,8.78,0.586,,,,,N,,N,0,A,2,6.099256866543381
HIP_54035_,,HD_95735_,,GJ 411,,Lalande 21185,2.5461,165.8341451,35.9698823,392.7529,7.421,1.502,6.4,M2V,3601,51,-1.7004,0.01,0.363,0.44,-0.42,4.87,0.07,-5.451,0.141,55.45,5.81E-9,26.99,29.2,36.11,0.379,,,,,N,,Y,2,B,1.6,2.546130149516401
HIP_68184_,,HD_122064_,HR 5256,GJ 12002,,HD 122064,10.0672,209.3835765,61.4928612,99.3325,6.488,1.04,5.911,K3V,4867,29,-0.536,0.0164,0.759,0.75,0.2,4.56,0.03,-4.989,0.54,53.59,3.98E-10,29.41,167.1,14.15,0.215,,,,,N,,N,0,C,_,10.06719855032341
HIP_8102_,,HD_10700_,HR 509,GJ 71,tau Cet,Tau Ceti,3.6522,26.0170131,-15.9374799,273.8097,3.496,0.727,3.065,G8V,5356,11,-0.2961,0.01,0.826,0.94,-0.51,4.53,0.03,-4.958,0.711,194.72,2.29E-10,27.17,225.9,11.01,0.622,01441-1556,A,160.5,10.32,Y,"<a href=""https://ui.adsabs.harvard.edu/abs/2018MNRAS.475.3046S/abstract"" target=_blank>2018MNRAS.475.3046S</a>",Y,4,B,0.9,3.652171562950472
HIP_27435_,,HD_38858_,HR 2007,GJ 1085,,HD 38858,15.2104,87.1455844,-4.0946449,65.7446,5.973,0.639,5.58,G2V,5731,18,-0.0826,0.0105,0.922,1.02,-0.22,4.47,0.03,-4.89,0.909,59.78,1.4E-10,30.22,313.6,9.35,0.176,,,,,Y,"<a href=""https://ui.adsabs.harvard.edu/abs/2006ApJ...652.1674B/abstract"" target=_blank>2006ApJ...652.1674B</a>",N,0,C,2.7,15.21037469237017
HIP_81300_,,HD_149661_,HR 6171,GJ 631,12 Oph,12 Ophiuchi,9.8939,249.0893737,-2.324587,101.0719,5.764,0.827,5.305,K0V(k),5262,11,-0.3352,0.0086,0.818,0.87,0.03,4.52,0.02,-4.583,0.68,68.71,2.5E-10,29.31,219.5,11.7,0.237,16364-0219,A,137.9,7.64,N,,N,0,A,1.6,9.893946784417825
HIP_40843_,,HD_69897_,HR 3262,GJ 303,chi Cnc,Chi Cancri,18.2233,125.0160865,27.217705,54.8749,5.13,0.487,4.85,F6V,6269,18,0.3848,0.0151,1.32,1.25,-0.28,4.3,0.03,-4.825,1.557,85.46,4.77E-11,30.65,634.9,6.45,0.205,,,,,N,,N,0,B,4.3,18.22326783283432
HIP_104214_,,HD_201091_,HR 8085,GJ 820A,61 Cyg A,61 Cygni A,3.4966,316.7247483,38.7494173,285.9949,5.211,1.069,4.503,K5V,4441,37,-0.8466,0.0094,0.637,0.68,-0.13,4.51,0.04,-4.765,0.377,107.91,8.13E-10,27.23,102.7,17.77,0.477,21069+3845,A,19.6,0.85,N,,N,0,A,1.8,3.496565847852532
HIP_42808_,,HD_74576_,,GJ 320,,HD 74576,11.1917,130.8251265,-38.8823808,89.3522,6.556,0.932,6.042,K2.5V(k),4992,22,-0.4982,0.0104,0.753,0.76,0.01,4.6,0.05,-4.351,0.564,50.35,3.64E-10,29.64,177.2,13.75,0.199,,,,,N,,N,0,C,2.7,11.191666237652795
HIP_98959_,,HD_189567_,HR 7644,GJ 776,,HD 189567,17.9323,301.3865229,-67.3208961,55.7654,6.07,0.646,5.705,G2V Fe-1.0,5730,15,0.0153,0.0112,1.033,1.02,-0.19,4.42,0.03,-4.86,1.018,56.75,1.12E-10,30.58,371.3,8.83,0.167,,,,,N,,Y,2,C,1.8,17.932266243943378
HIP_3583_,A,HD_4391_,HR 209,GJ 1021,,HD 4391,15.0487,11.4399705,-47.5519841,66.4509,5.795,0.635,5.42,G5V Fe-0.8 CH-1,5887,33,-0.0346,0.0118,0.924,0.98,-0.04,4.65,0.09,-4.55,0.961,63.85,1.25E-10,30.17,347.5,9.27,0.196,00458-4733,A,16.4,7.64,N,,N,0,B,3.6,15.04870513416673
HIP_17378_,,HD_23249_,HR 1136,GJ 150,del Eri,Rana,9.0888,55.8120856,-9.7633919,110.0254,3.537,0.922,3.02,K0+IV,5045,24,0.4685,0.0151,2.245,0.87,0.09,3.78,0.03,-5.184,1.715,188.68,3.94E-11,29.03,879.4,7.37,0.651,,,,,N,,N,0,A,1,9.088810401961728
HIP_57443_,A,HD_102365_,HR 4523,GJ 442A,,HD 102365,9.3195,176.6294689,-40.5003572,107.3024,4.893,0.664,4.525,G2V,5618,14,-0.0737,0.0111,0.97,1.02,-0.31,4.44,0.03,-4.931,0.919,98.58,1.37E-10,29.18,318.5,9.3,0.29,11467-4029,A,22.7,9.6,N,,Y,1,A,2.7,9.31945604198974
HIP_53721_,,HD_95128_,HR 4277,GJ 407,47 UMa,Chalawan,13.8875,164.8665531,40.4302557,72.007,5.037,0.624,4.7,G1.5IV-V Fe-1,5880,10,0.1978,0.0118,1.21,1.07,0.02,4.3,0.02,-5.06,1.256,90.42,7.34E-11,30.04,496.9,7.76,0.254,,,,,N,,Y,3,A,3.1,13.887538711514157
HIP_84862_,,HD_157214_,HR 6458,GJ 672,72 Her,72 Herculis,14.5863,260.1648644,32.4677439,68.5575,5.385,0.619,5.04,G0V,5704,13,0.1106,0.0118,1.163,0.94,-0.39,4.33,0.03,-4.993,1.136,77.87,8.97E-11,30.16,456.0,8.71,0.249,17207+3228,A,302.2,4.91,Y,"<a href=""https://ui.adsabs.harvard.edu/abs/2020AJ....159..177E/abstract"" target=_blank>2020AJ....159..177E</a>",N,0,C,1.6,14.586296174743827
HIP_114046_,,HD_217987_,,GJ 887,,Lacaille 9352,3.2871,346.4668158,-35.8530709,304.219,7.33,1.483,6.36,M1.0V,3680,130,-1.4378,0.0235,0.47,0.49,-0.22,4.88,0.16,-4.828,0.191,58.12,3.17E-9,27.61,43.6,29.42,0.356,23059-3551,A,0.1,,N,,Y,2,B,0.9,3.2871056705859925
HIP_13402_,,HD_17925_,HR 857,GJ 117,EP Eri,EP Eridani,10.3605,43.1338674,-12.7697133,96.52,6.038,0.867,5.525,K1.5V(k),5199,20,-0.3969,0.0097,0.78,0.82,0.07,4.55,0.02,-4.311,0.633,61.12,2.89E-10,29.37,203.2,12.49,0.224,02525-1246,A,15.4,13.3,Y,"<a href=""https://ui.adsabs.harvard.edu/abs/2008ApJ...674.1086T/abstract"" target=_blank>2008ApJ...674.1086T</a>",N,0,B,6.2,10.360547036883547
HIP_29650_,,HD_43042_,HR 2220,GJ 3390,71 Ori,71 Orionis,21.7763,93.7119848,19.1564479,45.9214,5.2,0.43,4.91,F5.5IV-V,6539,65,0.4677,0.0176,1.335,1.29,0.03,4.29,0.02,-4.799,1.713,78.68,3.94E-11,30.92,721.2,6.05,0.183,06148+1909,A,8.0,6.0,N,,N,0,B,8.6,21.776339571528744
HIP_24813_,,HD_34411_,HR 1729,GJ 197,lam Aur,Lambda Aurigae,12.5625,79.7853144,40.0990514,79.6021,4.705,0.624,4.319,G1.5V,5854,13,0.2385,0.0055,1.279,1.08,0.06,4.24,0.06,-5.085,1.316,104.76,6.68E-11,29.76,530.6,7.55,0.291,,,,,N,,N,0,A,1.3,12.562482648070844
HIP_62207_,,HD_110897_,HR 4845,GJ 484,10 CVn,10 Canum Venaticorum,17.5565,191.2475207,39.2789162,56.9588,5.958,0.548,5.6,F9V Fe-0.3,5889,16,0.0382,0.0128,1.004,1.14,-0.53,4.38,0.04,-4.972,1.045,59.52,1.06E-10,30.54,365.4,8.25,0.157,,,,,Y,"<a href=""https://ui.adsabs.harvard.edu/abs/2008ApJ...674.1086T/abstract"" target=_blank>2008ApJ...674.1086T</a>",N,0,C,1.8,17.556549646411092
HIP_64394_,,HD_114710_,HR 4983,GJ 502,bet Com,Beta Comae Berenices,9.1975,197.9683076,27.878184,108.725,4.23,0.572,3.9,F9.5V,5996,17,0.1326,0.0045,1.079,1.11,0.06,4.42,0.02,-4.745,1.165,126.65,8.53E-11,29.07,435.9,7.91,0.343,13119+2753,A,131.5,7.8,N,,N,0,A,4.5,9.197516670498965
HIP_49908_,,HD_88230_,,GJ 380,,Groombridge 1618,4.8706,152.8422498,49.4542364,205.3148,6.55,1.326,5.67,K7V,4097,40,-0.9882,0.009,0.636,0.63,0.21,4.64,0.08,-4.617,0.321,65.82,1.13E-9,28.04,83.5,20.03,0.314,10114+4927,A,162.3,2.28,N,,N,0,A,2.7,4.870569486466636
HIP_2021_,,HD_2151_,HR 98,GJ 19,bet Hyi,Beta Hydri,7.4588,6.4377932,-77.2542461,134.07,2.82,0.617,2.445,G0V,5806,18,0.542,0.012,1.844,1.08,-0.12,4.0,0.03,-4.996,1.866,250.23,3.32E-11,28.64,896.2,6.34,0.696,,,,,N,,N,0,C,3.4,7.458790184232118
HIP_40693_,,HD_69830_,HR 3259,GJ 302,,HD 69830,12.5794,124.599779,-12.6321714,79.4953,5.951,0.757,5.525,G8+V,5423,9,-0.2165,0.0105,0.883,0.93,-0.03,4.53,0.02,-4.987,0.779,61.96,1.9E-10,29.83,260.6,10.57,0.2,08184-1238,A,6.9,13.44,Y,"<a href=""https://ui.adsabs.harvard.edu/abs/2008ApJ...674.1086T/abstract"" target=_blank>2008ApJ...674.1086T</a>",Y,3,C,2.2,12.579360037637445
HIP_79672_,,HD_146233_,HR 6060,GJ 616,18 Sco,18 Scorpii,14.1369,243.9052928,-8.3694395,70.7371,5.496,0.652,5.127,G3+V,5785,12,0.0391,0.0112,1.041,1.02,0.03,4.43,0.02,-4.93,1.046,73.99,1.06E-10,30.07,386.9,8.71,0.218,16156-0822,A,49.7,7.8,N,,N,0,A,2.7,14.136853221294059
HIP_57757_,,HD_102870_,HR 4540,GJ 449,bet Vir,Zavijava,10.929,177.6738271,1.7647226,91.5,3.602,0.552,3.28,F9V,6123,9,0.5529,0.0063,1.679,1.14,0.13,4.13,0.02,-4.88,1.89,172.93,3.24E-11,29.5,888.9,6.13,0.456,11507+0146,A,326.6,7.99,Y,"<a href=""https://ui.adsabs.harvard.edu/abs/2016A&A...593A..51M/abstract"" target=_blank>2016A&A...593A..51M</a>",N,0,C,3.6,10.92896174863388
HIP_107350_,,HD_206860_,HR 8314,GJ 9751,HN Peg,HN Pegasi,18.133,326.1305414,14.7719398,55.148,5.942,0.587,5.59,G0IV-V,5939,21,0.0552,0.0128,1.006,1.08,-0.06,4.45,0.03,-4.416,1.066,58.77,1.02E-10,30.57,386.6,8.39,0.163,21445+1446,A,3.0,16.1,Y,"<a href=""https://ui.adsabs.harvard.edu/abs/2008ApJ...674.1086T/abstract"" target=_blank>2008ApJ...674.1086T</a>",Y,1,C,9.9,18.133023863059403
HIP_41926_,,HD_72673_,HR 3384,GJ 309,,HD 72673,12.1643,128.2145653,-31.5008514,82.208,6.378,0.784,5.91,K1V,5261,14,-0.3941,0.0089,0.765,0.85,-0.39,4.56,0.03,-4.946,0.635,52.22,2.87E-10,29.77,200.6,12.25,0.185,,,,,N,,N,0,C,1.8,12.164266251459711
HIP_113283_,,HD_216803_,HR 8721,GJ 879,TW PsA,Fomalhaut B,7.6015,344.100219,-31.565564,131.5525,6.446,1.094,5.8,K4Ve,4601,29,-0.707,0.0169,0.697,0.72,0.04,4.68,0.1,-4.349,0.443,58.29,5.89E-10,28.87,127.0,15.93,0.243,,,,,Y,"<a href=""https://ui.adsabs.harvard.edu/abs/2016A&A...593A..51M/abstract"" target=_blank>2016A&A...593A..51M</a>",N,0,B,2.6,7.601527907109328
HIP_12653_,,HD_17051_,HR 810,GJ 108,iot Hor,Iota Horologii,17.3572,40.6394444,-50.8002931,57.6131,5.395,0.561,5.085,F9V Fe+0.3,6157,18,0.2399,0.0142,1.158,1.14,0.15,4.43,0.03,-4.585,1.318,75.94,6.66E-11,30.53,517.6,7.34,0.2,,,,,N,,Y,1,B,5.4,17.35716356175939
HIP_16537_,,HD_22049_,HR 1084,GJ 144,eps Eri,Ran,3.2198,53.2326854,-9.458261,310.5773,3.718,0.881,3.225,K2V,5098,10,-0.4707,0.0101,0.746,0.78,-0.08,4.55,0.02,-4.455,0.582,180.65,3.42E-10,26.89,183.5,13.36,0.696,03329-0927,A,15.0,15.52,Y,"<a href=""https://ui.adsabs.harvard.edu/abs/2009ApJ...690.1522B/abstract"" target=_blank>2009ApJ...690.1522B</a>",Y,1,C,1.9,3.2198103338524744
HIP_16852_,,HD_22484_,HR 1101,GJ 147,10 Tau,10 Tauri,13.9204,54.2182654,0.4016645,71.837,4.291,0.575,3.955,F9IV-V,5996,9,0.4868,0.0171,1.623,1.14,-0.08,4.1,0.02,-5.12,1.752,125.82,3.77E-11,30.01,793.0,6.37,0.331,,,,,Y,"<a href=""https://ui.adsabs.harvard.edu/abs/2008ApJ...674.1086T/abstract"" target=_blank>2008ApJ...674.1086T</a>",N,0,B,3.7,13.920403134874785
HIP_86486_,,HD_160032_,HR 6569,GJ 9597,lam Ara,Lambda Arae,20.9624,265.0992732,-49.4155831,47.7045,4.762,0.401,4.466,F4V,6620,80,0.6579,0.0174,1.621,1.39,-0.22,4.161,0.08,-4.665,2.133,101.74,2.54E-11,30.95,965.0,5.23,0.22,,,,,Y,"<a href=""https://ui.adsabs.harvard.edu/abs/2018MNRAS.475.3046S/abstract"" target=_blank>2018MNRAS.475.3046S</a>",N,0,C,14,20.96238300369986
HIP_910_,,HD_693_,HR 33,GJ 10,6 Cet,6 Ceti,18.8861,2.8160752,-15.4679779,52.9489,4.895,0.492,4.575,F8V Fe-0.8 CH-0.5,6190,13,0.4767,0.0153,1.505,1.18,-0.36,4.09,0.03,-4.962,1.731,91.66,3.86E-11,30.61,765.9,6.3,0.233,,,,,N,,N,0,A,4.8,18.88613361184085
HIP_14632_,,HD_19373_,HR 937,GJ 124,iot Per,Iota Persei,10.5774,47.2667471,49.6132784,94.5412,4.05,0.595,3.71,G0V,5952,12,0.3484,0.0134,1.404,1.08,0.09,4.22,0.02,-5.028,1.494,141.2,5.19E-11,29.42,641.5,7.09,0.393,03091+4937,A,154.4,8.35,N,,N,0,A,3.6,10.57739905988077
HIP_45038_,A,HD_78154 _A,HR 3616 A,GJ 335A,13 UMa A,13 Ursae Majoris A,20.5169,137.5981111,67.1340172,48.7404,4.809,0.486,4.52,F7V,6325,42,0.6096,0.0157,1.68,1.21,-0.02,4.07,0.07,-4.901,2.018,98.34,2.84E-11,30.89,951.6,5.76,0.244,09104+6708,A,4.47,3.98,N,,N,0,C,5.8,20.516860756169418
HIP_51523_,,HD_91324_,HR 4134,GJ 9332,,HD 91324,22.0616,157.8409203,-53.7154836,45.3276,4.897,0.5,4.59,F9V Fe-0.8 CH-0.7,6155,24,0.6437,0.0147,1.845,1.16,-0.4,3.83,0.09,-4.97,2.098,95.1,2.63E-11,31.04,1030.7,5.77,0.246,10314-5343,A,80.9,3.63,N,,N,0,C,8.3,22.06161367467062
HIP_72659_,A,HD_131156 _A,HR 5544 A,GJ 566A,xi Boo A,Xi Bootis A,6.7536,222.8474519,19.1004499,148.0695,4.54,0.72,4.251,G8-V,5487,19,-0.2572,0.0112,0.823,0.96,-0.14,4.54,0.03,-4.363,0.744,110.12,2.09E-10,28.45,239.1,10.65,0.345,14514+1906,A,5.2,2.19,N,,N,0,B,3.5,6.753585309601235
HIP_84405_,B,HD_155885_,HR 6401,GJ 663B,36 Oph B,Guniibuu B,5.9478,258.8374326,-26.602826,168.1303,5.11,0.86,4.586,K1V,5144,31,-0.4788,0.0111,0.725,0.85,-0.22,4.59,0.05,-4.559,0.576,96.88,3.49E-10,28.23,173.3,12.86,0.342,17153-2636,B,5.1,-0.04,N,,N,0,B,4.4,5.947767891926678
HIP_84720_,A,HD_156274 _A,HR 6416,GJ 666A,41 Ara A,41 Arae A,8.7911,259.7659898,-46.6362334,113.7513,5.472,0.777,5.008,G9V,5235,20,-0.3452,0.0095,0.817,0.9,-0.35,4.56,0.04,-4.941,0.672,76.45,2.56E-10,28.99,212.1,11.57,0.255,17191-4638,A,10.6,3.27,N,,N,0,B,1.8,8.791108321399404
HIP_84893_,A,HD_156897 _A,HR 6445 A,GJ 670A,xi Oph A,Aggia,17.5187,260.2515605,-21.1129364,57.082,4.389,0.384,4.16,F2V,6756,80,0.6161,0.0182,1.484,1.44,-0.25,4.254,0.09,,2.033,116.03,2.8E-11,30.54,882.1,5.26,0.242,17210-2107,A,4.1,4.5,N,,N,0,C,18.9,17.518657370099156
HIP_103389_,,HD_199260_,HR 8013,GJ 811,,HD 199260,21.1021,314.1972153,-26.2963779,47.3886,5.709,0.501,5.392,F6V,6270,27,0.2889,0.0156,1.182,1.2,-0.01,4.35,0.07,-4.49,1.395,66.09,5.95E-11,30.96,549.1,6.96,0.165,,,,,Y,"<a href=""https://ui.adsabs.harvard.edu/abs/2018MNRAS.475.3046S/abstract"" target=_blank>2018MNRAS.475.3046S</a>",N,0,C,13.7,21.1021216073064
HIP_110649_,A,HD_212330 _A,HR 8531 A,GJ 857A,,HD 212330 A,20.3398,336.2348695,-57.7974559,49.1648,5.318,0.665,4.937,G2IV-V,5660,18,0.4356,0.0116,1.717,1.02,-0.03,4.13,0.07,-5.07,1.651,81.18,4.24E-11,30.87,767.3,6.94,0.239,22249-5748,A,23.6,7.68,N,,N,0,B,1.8,20.339755272064565
HIP_111449_,A,HD_213845 _A,HR 8592 A,GJ 9789A,ups Aqr A,Upsilon Aquarii A,23.0205,338.6734824,-20.7082158,43.4396,5.21,0.442,4.93,F5V,6605,33,0.5383,0.0176,1.419,1.35,0.03,4.274,0.09,-4.512,1.859,80.73,3.35E-11,31.12,796.5,5.68,0.18,22347-2042,A,6.1,5.2,N,,N,0,C,34.7,23.020469801747716
HIP_3093_,A,HD_3651 _A,HR 166 A,GJ 27A,54 Psc A,54 Piscium A,11.1081,9.8408558,21.2504758,90.0248,5.863,0.851,5.42,K0.5V,5203,23,-0.2741,0.009,0.898,0.86,0.14,4.47,0.03,-4.991,0.729,65.66,2.18E-10,29.58,245.3,11.36,0.229,00394+2115,A,42.9,12.32,N,,Y,1,B,1.8,11.108050226159902
HIP_12777_,A,HD_16895 _A,HR 799,GJ 107A,tet Per A,Theta Persei A,11.1501,41.0499442,49.2284485,89.685,4.1,0.514,3.795,F7V,6263,67,0.3515,0.0101,1.273,1.21,0.01,4.39,0.04,-4.97,1.499,134.43,5.15E-11,29.52,609.3,6.68,0.334,02442+4914,A,21.2,5.84,N,,N,0,A,8.6,11.150136589173217
HIP_14879_,A,HD_20010 _A,HR 963 A,GJ 127A,alf For,Dalim,13.999,48.0188742,-28.987622,71.4337,3.8,0.543,3.54,F6V,6195,50,0.6284,0.0151,1.79,1.25,-0.22,3.95,0.1,-4.833,2.062,147.27,2.72E-11,29.95,967.0,5.61,0.354,03121-2859,A,5.4,3.21,N,,N,0,C,5.7,13.998994872168177
HIP_19849_,A,HD_26965 _A,HR 1325 A,GJ 166A,40 Eri A,Keid,5.0098,63.8179984,-7.6528697,199.608,4.415,0.82,3.96,K0.5V,5133,43,-0.3875,0.0064,0.809,0.86,-0.29,4.52,0.02,-4.872,0.64,127.77,2.82E-10,27.83,201.7,12.13,0.446,04153-0739,A,82.7,4.88,N,,Y,1,A,0.9,5.009819245721614
HIP_38908_,A,HD_65907 _A,HR 3138 A,GJ 294A,,HD 65907 A,16.1718,119.4454762,-60.3030719,61.836,5.592,0.573,5.28,F9.5V,5997,16,0.1106,0.0126,1.052,1.11,-0.31,4.52,0.03,-4.79,1.136,70.23,8.97E-11,30.4,419.6,8.02,0.19,07578-6018,A,60.6,4.47,N,,N,0,B,2.7,16.171809302024712
HIP_5896_,A,HD_7788 _A,HR 377 A,GJ 9049A,kap Tuc A,Kappa Tucanae A,23.2606,18.9420379,-68.8759448,42.9912,4.912,0.401,4.662,F5V,6436,5,0.5911,0.0073,1.588,1.35,0.03,4.021,0.04,-4.272,1.975,84.9,2.97E-11,30.98,872.4,5.51,0.189,01158-6853,A,4.6,2.66,N,,N,0,C,61.1,23.260574257057257
HIP_97675_,A,HD_187691 _A,HR 7560,GJ 9671 A,omi Aql A,Omicron Aquilae A,19.4881,297.7568487,10.4157201,51.3133,5.122,0.551,4.783,F8V,6134,12,0.4525,0.0143,1.491,1.25,0.12,4.22,0.03,-5.1,1.684,86.4,4.08E-11,30.76,713.7,6.2,0.208,19510+1025,A,21.5,8.59,N,,N,0,B,2.8,19.488124911085432
HIP_29271_,A,HD_43834 _A,HR 2261 A,GJ 231A,alf Men A,Alpha Mensae A,10.2129,92.5603024,-74.753044,97.9158,5.076,0.72,4.675,G7V,5594,14,-0.0627,0.0107,0.99,0.96,0.1,4.46,0.03,-4.94,0.93,91.1,1.34E-10,29.36,334.5,9.52,0.285,06102-7445,A,3.3,5.01,N,,N,0,C,2.3,10.212856352090265
HIP_77358_,A,HD_140901 _A,HR 5864 A,GJ 599A,,HD 140901 A,15.2465,236.8712542,-37.9163119,65.5889,6.012,0.718,5.612,G7IV-V,5602,14,-0.0878,0.0106,0.959,0.96,0.1,4.47,0.03,-4.783,0.904,59.28,1.42E-10,30.23,320.3,9.66,0.185,15475-3755,A,15.2,7.21,N,,Y,2,C,1.8,15.246482255381629
HIP_88601_,B,HD_165341 B_,HR 6752 B,GJ 702B,70 Oph B,70 Ophiuchi B,5.1225,271.3644289,2.498947,195.2166,6.061,1.15,5.275,K4V,4475,33,-0.7843,0.0238,0.674,0.78,0.03,4.64,0.02,-4.71,0.405,79.14,7.04E-10,28.16,106.7,16.01,0.305,18055+0230,B,6.6,-1.95,N,,N,0,B,3.7,5.122515195941329
HIP_7751_,B,HD_10361_,HR 487,GJ 66A,p Eri B,p Eridani B,8.1965,24.9481863,-56.1964481,122.0035,5.876,0.899,5.377,K2V,5111,34,-0.5173,0.0108,0.703,0.77,-0.19,4.63,0.06,-4.881,0.551,67.25,3.81E-10,28.93,170.4,13.81,0.262,01398-5612,B,11.3,-0.12,N,,N,0,A,2.5,8.196486166380472
HIP_36439_,,HD_58855_,HR 2849,GJ 9234,22 Lyn,22 Lyncis,20.4021,112.4831549,49.6724594,49.0145,5.35,0.47,5.047,F6V,6349,25,0.3882,0.0161,1.292,1.16,-0.28,4.29,0.04,-4.879,1.564,76.64,4.73E-11,30.86,663.1,6.68,0.198,07299+4940,A,183.3,4.68,N,,N,0,B,9.7,20.40212590151894
HIP_51502_,A,HD_90089 _A,HR 4084 A,GJ 9330A,,HD 90089 A,22.7302,157.7696164,82.5586517,43.9944,5.25,0.37,4.989,F4VkF2mF2,6758,90,0.5124,0.0194,1.316,1.39,-0.16,4.389,0.09,-4.55,1.804,79.36,3.56E-11,31.11,750.5,5.68,0.171,10311+8234,A,13.5,7.7,Y,"<a href=""https://ui.adsabs.harvard.edu/abs/2018MNRAS.475.3046S/abstract"" target=_blank>2018MNRAS.475.3046S</a>",N,0,C,94.2,22.730165657447312
HIP_59199_,A,HD_105452 _A,HR 4623 A,GJ 9389A,alf Crv A,Alchiba,14.9365,182.1034022,-24.7288751,66.95,4.025,0.332,3.804,F1V,6990,80,0.6487,0.003,1.439,1.5,-0.13,4.192,0.03,-4.214,2.11,141.28,2.6E-11,30.27,914.2,5.06,0.283,,A,3.07,7.75,N,,N,0,C,23.8,14.936519790888722
HIP_88601_,A,HD_165341 _A,HR 6752 A,GJ 702A,70 Oph A,70 Ophiuchi A,5.1133,271.363535,2.5001463,195.5674,4.22,0.863,3.748,K0-V,5298,32,-0.2743,0.0172,0.865,0.88,0.06,4.52,0.05,-4.548,0.729,142.61,2.18E-10,27.9,242.5,11.23,0.487,18055+0230,A,6.6,1.95,N,,N,0,B,4.3,5.113326658737602
HIP_27072_,B,HD_38392_,HR 1982,GJ 216B,gam Lep B,Gamma Leporis B,8.8916,86.1105697,-22.4218374,112.4661,6.142,0.954,5.64,K2.5V,4950,62,-0.5534,0.0092,0.719,0.81,-0.14,4.33,0.16,-4.5,0.529,59.47,4.14E-10,29.1,156.1,13.75,0.221,05445-2227,B,95.5,-2.64,N,,N,0,B,4.3,8.891568214777609
HIP_50564_,,HD_89449_,HR 4054,GJ 9324,40 Leo,40 Leonis,21.2199,154.93403,19.4709128,47.1255,4.792,0.45,4.485,F6IV-V,6410,76,0.6272,0.0181,1.669,1.35,0.09,4.123,0.08,-4.749,2.059,97.02,2.73E-11,30.89,928.6,5.4,0.216,10197+1928,A,,,N,,N,0,C,17.5,21.21993400600524
HIP_64797_,A,HD_115404 _A,,GJ 505A,,HD 115404 A,10.9869,199.2127143,17.017178,91.0176,6.55,0.926,6.07,K2.5V(k),4843,107,-0.5197,0.0141,0.781,0.76,-0.18,4.47,0.04,-4.48,0.55,50.03,3.83E-10,29.61,170.8,13.92,0.198,13169+1701,A,7.7,2.84,N,,Y,2,C,3.3,10.98688605280737
HIP_70497_,A,HD_126660 _A,HR 5404 A,GJ 549A,tet Boo A,Theta Bootis A,14.5307,216.2991543,51.8507436,68.82,4.052,0.497,3.76,F7V,6280,16,0.6054,0.0077,1.696,1.33,-0.03,4.23,0.06,-4.361,2.008,138.18,2.87E-11,30.12,901.1,5.51,0.312,14252+5151,A,70.2,7.36,Y,"<a href=""https://ui.adsabs.harvard.edu/abs/2020AJ....159..177E/abstract"" target=_blank>2020AJ....159..177E</a>",N,0,C,28.6,14.530659691950015
HIP_3821_,A,HD_4614 _A,HR 219 A,GJ 34A,eta Cas A,Achird,5.0098,12.2762275,57.8151773,199.608,3.444,0.587,3.097,F9V,5907,12,0.0976,0.0066,1.068,1.14,-0.28,4.41,0.02,-4.949,1.119,223.35,9.24E-11,28.18,404.9,7.97,0.588,00491+5749,A,13.6,3.84,N,,N,0,A,3.4,5.009819245721614
HIP_32439_,A,HD_46588 _A,HR 2401 A,GJ 9215A,,HD 46588 A,18.2023,101.5589581,79.5648107,54.938,5.44,0.525,5.11,F8V,6204,23,0.2615,0.0147,1.17,1.18,-0.1,4.43,0.07,-4.93,1.351,74.23,6.34E-11,30.61,528.1,7.13,0.189,06462+7934,A,79.2,11.75,N,,N,0,B,4.5,18.202337180093924
HIP_72659_,B,HD_131156 B_,HR 5544 B,GJ 566B,xi Boo B,Xi Bootis B,6.7486,222.8460153,19.1019133,148.1793,6.979,1.164,6.167,K5V,4288,127,-0.8882,0.0274,0.652,0.67,0.144,4.636,0.1,-4.424,0.36,53.3,8.95E-10,28.79,96.3,18.33,0.239,14514+1906,B,5.2,-2.19,N,,N,0,C,4.6,6.74858094214239
HIP_99461_,A,HD_191408 _A,HR 7703 A,GJ 783A,,HD 191408 A,6.0122,302.7997449,-36.1012088,166.3272,5.297,0.868,4.79,K2.5V,4980,19,-0.5481,0.012,0.715,0.76,-0.52,4.62,0.04,-4.982,0.532,88.5,4.09E-10,28.26,162.6,14.15,0.35,20112-3606,A,4.3,6.19,N,,N,0,C,0,6.012245742127566
HIP_49081_,A,HD_86728 _A,HR 3951 A,GJ 376A,20 LMi A,20 Leo Minoris A,14.9263,150.252737,31.9236703,66.9958,5.378,0.676,5.01,G4IV,5743,14,0.1392,0.0085,1.186,1.0,0.2,4.3,0.03,-5.13,1.174,78.65,8.4E-11,30.2,464.6,8.31,0.236,10010+3155,A,134.4,10.6,N,,N,0,B,1.8,14.926308813388301
HIP_77052_,A,HD_140538 _A,HR 5853 A,GJ 9527A,psi Ser A,Psi Serpentis A,14.7927,236.0075774,2.5151668,67.6007,5.869,0.684,5.49,G5V,5682,12,-0.0788,0.0105,0.942,0.94,0.05,4.47,0.03,-4.74,0.913,61.74,1.39E-10,30.13,328.8,9.71,0.197,15440+0231,A,4.6,6.05,N,,N,0,B,4.1,14.792746228959167
HIP_16245_,A,HD_22001 _A,HR 1083 A,GJ 9118A,kap Ret A,Kappa Reticuli A,21.7816,52.3444893,-62.9375289,45.9103,4.703,0.391,4.46,F3V,6662,129,0.6881,0.0179,1.658,1.32,-0.17,4.31,0.14,-5.037,2.208,101.38,2.37E-11,31.02,1043.3,5.27,0.231,03294-6256,A,54.4,6.0,N,,N,0,C,13.1,21.78160456368179
HIP_23835_,,HD_32923_,HR 1656,GJ 188,104 Tau,104 Tauri,15.9172,76.8625232,18.6450499,62.8252,4.915,0.645,4.53,G1V,5691,17,0.3805,0.0123,1.594,1.04,-0.2,4.06,0.03,-5.103,1.55,97.36,4.82E-11,30.32,690.9,7.09,0.281,05074+1839,A,0.1,0.0,N,,N,0,C,2.36,15.917179730426643
HIP_84405_,A,HD_155886_,HR 6402,GJ 663A,36 Oph A,Guniibuu,5.9523,258.8365985,-26.6016992,168.0031,5.07,0.85,4.583,K1V,5132,26,-0.4848,0.0112,0.724,0.85,-0.22,4.53,0.07,-4.57,0.572,96.14,3.53E-10,28.21,171.5,12.9,0.34,17153-2636,A,5.1,0.04,N,,N,0,B,4.3,5.9522711188067365
HIP_56452_,A,HD_100623 _A,HR 4458 A,GJ 432A,20 Crt A,20 Crateris A,9.559,173.6228602,-32.8313397,104.6133,5.956,0.811,5.525,K0-V,5196,23,-0.4318,0.0123,0.751,0.88,-0.4,4.6,0.04,-4.913,0.608,63.63,3.13E-10,29.29,184.7,12.3,0.217,11345-3250,A,15.1,8.92,N,,N,0,A,0.9,9.559014006823224
HIP_71681_,,HD_128621_,HR 5460,GJ 559B,alf Cen B,Toliman,1.3319,219.8960963,-60.8375276,750.81,1.35,0.868,0.866,K1V,5244,13,-0.2984,0.006,0.859,0.94,0.24,4.54,0.03,-4.96,0.709,532.49,2.3E-10,24.96,225.3,11.04,1.706,14396-6050,B,5.3,-1.34,N,,Y,1,B,3.52,1.3318948868555294
HIP_47080_,A,HD_82885 _A,HR 3815 A,GJ 356A,11 LMi A,11 Leo Minoris A,11.2348,143.9145925,35.8101325,89.0092,5.402,0.77,4.97,G9-IV-V Hdel1,5518,21,-0.1057,0.0039,0.969,0.94,0.34,4.44,0.04,-4.638,0.885,78.81,1.48E-10,29.55,313.9,9.87,0.252,09357+3549,A,7.13,7.7,N,,N,0,B,2.3,11.234793706717957
HIP_43587_,A,HD_75732 _A,HR 3522 A,GJ 324A,55 Cnc A,Copernicus,12.5868,133.1492129,28.3308208,79.4482,5.96,0.86,5.49,K0IV-V,5292,43,-0.197,0.0114,0.948,0.95,0.32,4.4,0.02,-4.991,0.797,63.33,1.82E-10,29.84,266.7,10.34,0.2,08526+2820,A,85.1,7.11,N,,Y,5,C,2.2,12.58681757421817
HIP_64583_,A,HD_114837 _A,HR 4989 A,GJ 503A,,HD 114837 A,18.24,198.5631031,-59.1032372,54.8247,4.913,0.48,4.62,F6V Fe-0.4,6238,26,0.4722,0.016,1.475,1.25,-0.31,4.23,0.05,-4.665,1.722,94.43,3.9E-11,30.64,738.4,6.13,0.227,13143-5906,A,4.6,5.28,N,,N,0,C,13.8,18.239953889396567
HIP_7513_,A,HD_9826 _A,HR 458 A,GJ 61A,ups And A,Titawin,13.4916,24.1993398,41.4054587,74.12,4.1,0.536,3.772,F8V,6154,10,0.5254,0.0154,1.611,1.18,0.08,4.17,0.02,-4.98,1.831,135.72,3.45E-11,29.93,833.1,6.12,0.345,01368+4124,A,55.6,9.45,N,,Y,3,C,9,13.491635186184565
HIP_23693_,,HD_33262 _A,HR 1674 A,GJ 189,zet Dor A,Zeta Doradus A,11.6927,76.377732,-57.4727047,85.5233,4.701,0.522,4.375,F9V Fe-0.5,6158,23,0.1662,0.0137,1.064,1.14,-0.18,4.43,0.05,-4.426,1.211,103.56,7.89E-11,29.63,455.8,7.66,0.273,05055-5728,A,321.6,4.34,Y,"<a href=""https://ui.adsabs.harvard.edu/abs/2008ApJ...674.1086T/abstract"" target=_blank>2008ApJ...674.1086T</a>",N,0,B,12,11.692719995603536
HIP_69965_,A,HD_125276 _A,HR 5356 A,GJ 9476A,,HD 125276 A,17.9888,214.753732,-25.815425,55.59,5.872,0.498,5.53,F9V Fe-1.5 CH-0.7,6120,41,0.0822,0.0147,0.978,1.11,-0.68,4.41,0.1,-4.83,1.099,61.11,9.58E-11,30.58,399.6,8.15,0.165,14190-2549,A,3.6,7.57,N,,N,0,C,3.6,17.988846914912752
HIP_112447_,A,HD_215648 _A,HR 8665,GJ 872A,xi Peg A,Xi Pegasi A,16.1509,341.6732494,12.1728858,61.9161,4.2,0.502,3.91,F6V,6193,23,0.6576,0.0155,1.852,1.25,-0.27,4.07,0.05,-4.935,2.132,132.0,2.55E-11,30.4,1017.0,5.51,0.317,22467+1210,A,11.0,8.2,N,,N,0,C,7.7,16.15088805657979
