pc,HIP_1,HD_1,mag,B-V,eB-V,plx,eplx,Ref_plx,Mv,category,MK,Ref_SpT,BCv_1,Mbol,log(L/Lsun),Habex,HIP_1a,L-A,L-B,Hab,SR1,SR3,lists_1,logR'HK,RefR'HK,kms,RefVsini,Msun,SpT,HIP_1b,Teff,HD_1a,notes,K,eTeff,ref_Teff,BCv_1a,cms,elog(g),ref_logg,Sun,e[Fe/H],ref_FeH,Rsun,Solar Twin?,N(<6500K),N(vsini),N(F7-K9),lists_1a,Sample,Name,solRad,_RAJ2000,_DEJ2000,RAhms,DEdms
11.127,HIP_12777_,HD_16895_,4.1,0.514,0.002,89.87,0.22,HIP2,3.87,Sun-like,F7V,2001AJ....121.2148G,-0.035,3.83,0.363,56,HIP_12777_,1,1,1,0,0,3,-4.97,Wright04,8.6,Glebocki05,1.21,F7V,HIP_12777_,0,HD_16895_,hot,6329,37,2010MNRAS.403.1368G,,4.32,0.02,2010MNRAS.403.1368G,0.06,0.03,2010MNRAS.403.1368G,1.263,0,1,1,1,3,WANT,HIP_12777,1.31240424757446,41.049942,49.228447,02 44 11.69,+49 13 43.2
13.714,HIP_116771_,HD_222368_,4.13,0.507,0.006,72.92,0.15,HIP2,3.44,Sun-like,F7V,2001AJ....121.2148G,-0.035,3.41,0.532,81,HIP_116771_,1,1,1,0,0,3,-4.924,Isaacson10,6.3,Glebocki05,1.21,F7V,HIP_116771_,1,HD_222368_,hot,6211,52,2013ApJ...764...78R,,4.11,0.02,2013ApJ...764...78R,-0.12,0.04,2013ApJ...764...78R,1.594,0,1,1,1,3,WANT,HIP_116771,2.12847046053301,354.98767,5.6262918,23 39 56.82,+05 37 38.5
20.607,HIP_45038_,HD_78154_,4.8,0.489,0.007,48.5263,0.183,GaiaDR2,3.23,Sun-like,F7V,1981ApJS...45..437A,-0.035,3.19,0.618,_,HIP_45038_,1,0,0,0,0,1,-4.901,BoroSaikia18,5.8,Glebocki05,1.21,F7V,HIP_45038_,0,HD_78154_,hot,6276,80,2008MNRAS.384..173F,,4.0,0.1,2008MNRAS.384..173F,-0.03,0.07,2008MNRAS.384..173F,1.723,0,1,1,1,1,WANT,HIP_45038,2.74200111657373,137.5981,67.13402,09 10 23.53,+67 08 03.3
25.985,HIP_100511_,HD_194012_,6.16,0.498,0.014,38.4843,0.0323,GaiaDR2,4.09,Sun-like,F7V,2003AJ....126.2048G,-0.035,4.05,0.275,_,HIP_100511_,1,0,0,0,0,1,-4.72,Baliunas96,6.8,Glebocki05,1.21,F7V,HIP_100511_,1,HD_194012_,active,6301,80,2011A&A...530A.138C,,4.36,0.09,1999A&A...352..555A,-0.12,0.05,2016ApJ...826..171G,1.152,0,1,1,1,1,WANT,HIP_100511,1.19692689940465,305.7182,14.551098,20 22 52.32,+14 33 04.0
26.205,HIP_522_,HD_142_,5.7,0.519,0.011,38.1605,0.0648,GaiaDR2,3.61,Sun-like,F7V,2006AJ....132..161G,-0.035,3.57,0.467,_,HIP_522_,0,0,0,0,1,1,-5.02,Saffe05,9.9,Glebocki05,1.21,F7V,HIP_522_,0,HD_142_,hot,6281,25,2014A&A...561A...7R,,4.25,0.03,2014A&A...561A...7R,0.11,0.01,2014A&A...561A...7R,1.445,0,1,1,1,1,WANT,HIP_522,1.54194054156749,1.5798976,-49.07519,00 06 18.66,-49 04 30.3
26.28,HIP_42172_,HD_72945_,5.91,0.53,0.007,38.0516,0.1307,GaiaDR2,3.81,Sun-like,F8IV-V,2003AJ....126.2048G,-0.04,3.77,0.387,_,HIP_42172_,1,0,0,0,0,1,-4.981,Gray03,5.4,Glebocki05,1.18,F8IV-V,HIP_42172_,1,HD_72945_,quiet,5600,50,2003AJ....126.2015H,,4.4,0.05,2003AJ....126.2015H,0.15,0.05,2003AJ....126.2015H,1.659,0,1,1,1,1,WANT,HIP_42172,1.0916103061737,128.96239,6.6202197,08 35 51.05,+06 37 13.9
27.731,HIP_56280_,HD_100286_,4.93,0.54,0.004,36.0601,0.1266,GaiaDR2,2.72,Sun-like,F8IV-V,2006AJ....132..161G,-0.04,2.68,0.826,_,HIP_56280_,1,0,0,0,0,1,-4.944,Gray06,8,Glebocki05,1.18,F8IV-V,HIP_56280_,0,HD_100286_,hot,6308,80,2011A&A...530A.138C,,4.17,NA,2017AJ....153...21L,0.03,NA,2017AJ....153...21L,2.167,0,1,1,1,1,WANT,HIP_56280,1.85382027342131,173.06834,-29.261023,11 32 16.42,-29 15 40.9
12.914,HIP_51459_,HD_90839_,4.82,0.541,0.008,77.4346,0.168,GaiaDR2,4.26,Sun-like,F8V,2003AJ....126.2048G,-0.04,4.22,0.206,77,HIP_51459_,1,1,1,0,0,3,-4.775,BoroSaikia18,8.6,Glebocki05,1.18,F8V,HIP_51459_,1,HD_90839_,,6186,63,2013ApJ...764...78R,,4.43,0.03,2013ApJ...764...78R,-0.08,0.04,2013ApJ...764...78R,1.104,0,1,1,1,3,WANT,HIP_51459,1.01875001303093,157.65659,55.980537,10 30 37.76,+55 58 50.2
13.492,HIP_7513_,HD_9826_,4.1,0.536,0.007,74.12,0.19,HIP2,3.45,Sun-like,F8V,2001AJ....121.2148G,-0.04,3.41,0.532,80,HIP_7513_,1,1,1,0,1,4,-4.98,Isaacson10,9,Glebocki05,1.18,F8V,HIP_7513_,0,HD_9826_,hot,6239,37,2010MNRAS.403.1368G,,4.19,0.03,2010MNRAS.403.1368G,0.15,0.03,2010MNRAS.403.1368G,1.579,0,1,1,1,4,WANT,HIP_7513,1.77038461693358,24.199345,41.40546,01 36 47.98,+41 24 23.0
15.258,HIP_82860_,HD_153597_,4.88,0.481,0.007,65.54,0.33,HIP2,3.96,Sun-like,F8V,2009ApJS..180..117A,-0.04,3.92,0.327,101,HIP_82860_,1,1,1,0,0,3,-4.941,BoroSaikia18,8.5,Glebocki05,1.18,F8V,HIP_82860_,0,HD_153597_,hot,6331,35,2005PASJ...57...27T,,4.42,0.07,2005PASJ...57...27T,-0.08,0.03,2005PASJ...57...27T,1.211,0,1,1,1,3,WANT,HIP_82860,1.04247974922047,254.00703,65.134796,16 56 01.36,+65 08 04.8
18.801,HIP_4151_,HD_5015_,4.8,0.54,0.008,53.1896,0.1273,GaiaDR2,3.43,Sun-like,F8V,2001AJ....121.2148G,-0.04,3.39,0.54,136,HIP_4151_,1,0,1,0,0,2,-4.398,BoroSaikia18,8.6,Glebocki05,1.18,F8V,HIP_4151_,1,HD_5015_,active,6149,64,2013ApJ...764...78R,,4.08,0.03,2013ApJ...764...78R,0.06,0.04,2013ApJ...764...78R,1.641,0,1,1,1,2,WANT,HIP_4151,2.2806971890891,13.267486,61.12397,00 53 04.28,+61 07 24.8
19.535,HIP_97675_,HD_187691_,5.12,0.551,0.002,51.1912,0.1634,GaiaDR2,3.66,Sun-like,F8V,2001AJ....121.2148G,-0.04,3.62,0.446,140,HIP_97675_,0,0,1,0,0,1,-5.1,Radick18,2.8,Glebocki05,1.25,F8V,HIP_97675_,1,HD_187691_,,6124,14,2014A&A...561A...7R,,4.21,0.03,2014A&A...561A...7R,0.13,0.01,2014A&A...561A...7R,1.485,,1,2,1,1,WANT,HIP_97675,1.69070418357797,297.75684,10.415727,19 51 01.50,+10 24 57.8
20.55,HIP_114924_,HD_219623_,5.58,0.556,0.003,48.661,0.0913,GaiaDR2,4.02,Sun-like,F8V,2001AJ....121.2148G,-0.04,3.98,0.306,_,HIP_114924_,1,0,0,0,0,1,-4.993,Isaacson10,5.4,Glebocki05,1.18,F8V,HIP_114924_,1,HD_219623_,quiet,6103,15,2005PASJ...57...27T,,4.18,0.04,2005PASJ...57...27T,0.05,0.02,2005PASJ...57...27T,1.272,0,1,1,1,1,WANT,HIP_114924,1.81162217214978,349.17627,53.213474,23 16 42.19,+53 12 50.6
22.734,HIP_86620_,HD_162004_,5.81,0.53,0.0,43.9875,0.0496,GaiaDR2,4.03,Sun-like,F8V,2001AJ....121.2148G,-0.04,3.99,0.301,_,HIP_86620_,1,0,0,0,0,1,-4.864,BoroSaikia18,8.6,Glebocki05,1.18,F8V,HIP_86620_,1,HD_162004_,,6059,70,2000A&AS..141..491C,,4.12,0.1,2000A&AS..141..491C,-0.08,0.1,2000A&AS..141..491C,1.284,0,1,1,1,1,WANT,HIP_86620,2.08002055773782,265.4921,72.15691,17 41 58.04,+72 09 27.3
23.23,HIP_3810_,HD_4676_,5.07,0.502,0.004,43.0469,0.1636,GaiaDR2,3.24,Sun-like,F8V,2003AJ....126.2048G,-0.04,3.2,0.616,_,HIP_3810_,1,0,0,0,0,1,-4.917,Gray03,3.6,Glebocki05,1.18,F8V,HIP_3810_,1,HD_4676_,hot,6272,80,2011A&A...530A.138C,,4.07,NA,2017MNRAS.469.3042N,0,0.07,2017MNRAS.469.3042N,1.721,0,1,2,1,1,WANT,HIP_3810,2.33382145110929,12.244617,16.940643,00 48 58.71,+16 56 28.1
25.3,HIP_74605_,HD_136064_,5.15,0.55,0.004,39.526,0.1005,GaiaDR2,3.13,Sun-like,F8V,2003AJ....126.2048G,-0.04,3.09,0.658,_,HIP_74605_,1,0,0,0,0,1,-5.014,BoroSaikia18,4.4,Glebocki05,1.18,F8V,HIP_74605_,1,HD_136064_,quiet,6164,20,2005PASJ...57...27T,,4.03,0.04,2005PASJ...57...27T,0.04,0.02,2005PASJ...57...27T,1.871,0,1,2,1,1,WANT,HIP_74605,2.55898433483259,228.65974,67.346725,15 14 38.00,+67 20 51.6
25.347,HIP_96258_,HD_184960_,5.71,0.475,0.011,39.4525,0.059,GaiaDR2,3.69,Sun-like,F8V,1978PASP...90..429L,-0.04,3.65,0.436,_,HIP_96258_,1,0,0,0,0,1,-4.956,BoroSaikia18,7.1,Glebocki05,1.18,F8V,HIP_96258_,1,HD_184960_,hot,6380,91,2014A&A...562A..71B,,4.15,0.14,2014A&A...562A..71B,-0.03,0.07,2014A&A...562A..71B,1.352,0,1,1,1,1,WANT,HIP_96258,1.94118813125497,293.58246,51.236618,19 34 19.76,+51 14 13.5
21.925,HIP_12444_,HD_16673_,5.79,0.524,0.004,45.6099,0.2451,GaiaDR2,4.09,Sun-like,F8V_Fe-0.4,2006AJ....132..161G,-0.04,4.05,0.278,_,HIP_12444_,1,0,0,0,0,1,-4.664,Baliunas96,6.7,Glebocki05,1.18,F8V_Fe-0.4,HIP_12444_,1,HD_16673_,active,6241,47,2013ApJ...764...78R,,4.36,0.02,2013ApJ...764...78R,-0.03,0.05,2013ApJ...764...78R,1.178,0,1,1,1,1,WANT,HIP_12444,1.19692689940465,40.051758,-9.452875,02 40 12.50,-09 27 09.7
14.822,HIP_47592_,HD_84117_,4.93,0.534,0.004,67.4693,0.1921,GaiaDR2,4.08,Sun-like,F9V,1989ApJS...71..245K,-0.05,4.03,0.286,96,HIP_47592_,1,0,1,0,0,2,-5.023,Isaacson10,5.3,Glebocki05,1.14,F9V,HIP_47592_,1,HD_84117_,quiet,6152,44,2005ApJS..159..141V,,4.31,0.06,2005ApJS..159..141V,-0.07,0.03,2005ApJS..159..141V,1.223,0,1,1,1,2,WANT,HIP_47592,1.34297406958244,145.56007,-23.91557,09 42 14.67,-23 54 58.4
17.344,HIP_7978_,HD_10647_,5.52,0.551,0.003,57.6556,0.0737,GaiaDR2,4.32,Sun-like,F9V,1989ApJS...71..245K,-0.05,4.27,0.186,119,HIP_7978_,1,1,1,0,0,3,-4.675,Gray06,5.4,Glebocki05,1.14,F9V,HIP_7978_,1,HD_10647_,active,6114,11,2014A&A...561A...7R,,4.41,0.04,2014A&A...561A...7R,-0.02,0.01,2014A&A...561A...7R,1.104,0,1,1,1,3,WANT,HIP_7978,1.06676222197191,25.622149,-53.740833,01 42 29.15,-53 44 26.1
25.928,HIP_8514_,HD_11262_,6.37,0.523,0.005,38.5678,0.2745,GaiaDR2,4.3,Sun-like,F9V_Fe-0.5,2006AJ....132..161G,-0.05,4.25,0.196,_,HIP_8514_,1,0,0,0,0,1,-4.571,Gray06,4.5,Glebocki05,1.14,F9V_Fe-0.5,HIP_8514_,1,HD_11262_,active,6198,80,2011A&A...530A.138C,,4.36,NA,2017MNRAS.469.3042N,-0.28,0.05,2016ApJ...826..171G,1.086,0,1,2,1,1,WANT,HIP_8514,1.19692689940465,27.4536,-38.402798,01 49 48.86,-38 24 12.5
22.351,HIP_59750_,HD_106516_,6.11,0.47,0.01,44.74,0.81,HIP2,4.36,Sun-like,F9V_Fe-1.7_CH-0.7,2006AJ....132..161G,-0.05,4.31,0.171,_,HIP_59750_,1,0,0,0,0,1,-4.651,Baliunas96,7.2,Glebocki05,1.14,F9V_Fe-1.7_CH-0.7,HIP_59750_,1,HD_106516_,active,6258,39,2013ApJ...764...78R,,4.36,0.03,2013ApJ...764...78R,-0.73,0.05,2013ApJ...764...78R,1.035,0,1,1,1,1,WANT,HIP_59750,1.19692689940465,183.79399,-10.312401,12 15 10.54,-10 18 35.8
17.327,HIP_12653_,HD_17051_,5.4,0.561,0.007,57.7143,0.0537,GaiaDR2,4.21,Sun-like,F9V_Fe+0.3,2006AJ....132..161G,-0.05,4.16,0.233,118,HIP_12653_,1,1,1,0,0,3,-4.585,Schroder09,5.4,Glebocki05,1.14,F9V_Fe+0.3,HIP_12653_,1,HD_17051_,active,6147,11,2014A&A...561A...7R,,4.42,0.03,2014A&A...561A...7R,0.16,0.01,2014A&A...561A...7R,1.154,0,1,1,1,3,WANT,HIP_12653,1.04247974922047,40.639442,-50.800293,02 42 33.16,-50 48 03.0
14.451,HIP_42438_,HD_72905_,5.63,0.618,0.003,69.2004,0.0652,GaiaDR2,4.83,Sun-like,G0.5V,2001AJ....121.2148G,-0.07,4.76,-0.008,91,HIP_42438_,1,1,1,0,0,3,-4.375,Baliunas96,9.3,Glebocki05,1.08,G0.5V,HIP_42438_,1,HD_72905_,active,5901,50,2013ApJ...764...78R,,4.49,0.01,2013ApJ...764...78R,-0.02,0.09,2013ApJ...764...78R,0.948,0,1,1,1,3,WANT,HIP_42438,0.887294168617217,129.79877,65.020905,08 39 11.74,+65 01 14.5
17.476,HIP_78459_,HD_143761_,5.42,0.601,0.01,57.2216,0.0782,GaiaDR2,4.2,Sun-like,G0+Va_Fe-1,1989ApJS...71..245K,-0.065,4.14,0.24,122,HIP_78459_,0,0,1,0,0,1,-5.039,Baliunas96,1.5,Glebocki05,0.97,G0+Va_Fe-1,HIP_78459_,,HD_143761_,,5857,28,2015A&A...580A..24D,,4.36,0.15,2015A&A...580A..24D,-0.19,0.04,2015A&A...580A..24D,1.28,0,1,2,1,1,WANT,HIP_78459,1.19692689940465,240.2611,33.30351,16 01 02.80,+33 18 19.4
17.538,HIP_64792_,HD_115383_,5.19,0.585,0.007,57.0186,0.2524,GaiaDR2,3.97,Sun-like,G0IV,2001AJ....121.2148G,-0.065,3.91,0.334,123,HIP_64792_,1,1,1,0,0,3,-4.443,Baliunas96,6.3,Glebocki05,1.08,G0IV,HIP_64792_,1,HD_115383_,active,6120,20,2005PASJ...57...27T,,4.25,0.05,2005PASJ...57...27T,0.21,0.03,2005PASJ...57...27T,1.307,0,1,1,1,3,WANT,HIP_64792,1.54194054156749,199.19382,9.424156,13 16 46.71,+09 25 25.3
23.006,HIP_10723_,HD_14214_,5.6,0.588,0.004,43.4677,0.3948,GaiaDR2,3.79,Sun-like,G0IV-,2003AJ....126.2048G,-0.065,3.73,0.406,_,HIP_10723_,1,0,0,0,0,1,-5.114,Gray03,2.7,Glebocki05,1.08,G0IV-,HIP_10723_,1,HD_14214_,quiet,6062,18,2005PASJ...57...27T,,4.16,0.04,2005PASJ...57...27T,0.17,0.02,2005PASJ...57...27T,1.446,0,1,2,1,1,WANT,HIP_10723,1.89700129474001,34.506,1.7578019,02 18 01.23,+01 45 24.8
18.128,HIP_107350_,HD_206860_,5.96,0.587,0.003,55.1631,0.0608,GaiaDR2,4.67,Sun-like,G0IV-V,2003AJ....126.2048G,-0.065,4.6,0.055,_,HIP_107350_,1,0,0,0,0,1,-4.416,Baliunas96,9.9,Glebocki05,1.08,G0IV-V,HIP_107350_,1,HD_206860_,active,5961,85,2013ApJ...764...78R,,4.45,0.03,2013ApJ...764...78R,-0.06,0.07,2013ApJ...764...78R,0.999,0,1,1,1,1,WANT,HIP_107350,0.972898709453773,326.13055,14.771939,21 44 31.19,+14 46 20.0
19.04,HIP_44897_,HD_78366_,5.95,0.585,0.007,52.5197,0.0801,GaiaDR2,4.55,Sun-like,G0IV-V,2003AJ....126.2048G,-0.065,4.49,0.101,_,HIP_44897_,1,0,0,0,0,1,-4.608,Baliunas96,4.4,Glebocki05,1.08,G0IV-V,HIP_44897_,1,HD_78366_,active,6014,44,2005ApJS..159..141V,,4.54,0.06,2005ApJS..159..141V,0.08,0.03,2005ApJS..159..141V,1.035,0,1,2,1,1,WANT,HIP_44897,0.790801760180697,137.2128,33.882217,09 08 51.20,+33 52 57.0
14.545,HIP_84862_,HD_157214_,5.39,0.619,0.003,68.7539,0.0904,GaiaDR2,4.58,Sun-like,G0V,2001AJ....121.2148G,-0.065,4.51,0.09,93,HIP_84862_,0,0,1,0,0,1,-4.993,Isaacson10,1.6,Glebocki05,0.94,G0V,HIP_84862_,0,HD_157214_,,5750,60,2013ApJ...764...78R,,4.26,0.03,2013ApJ...764...78R,-0.39,0.04,2013ApJ...764...78R,1.118,0,1,2,1,1,WANT,HIP_84862,1.50684168972051,260.16486,32.467743,17 20 39.47,+32 28 13.0
17.204,HIP_88694_,HD_165185_,5.94,0.615,0.008,58.1258,0.1151,GaiaDR2,4.76,Sun-like,G0V,2006AJ....132..161G,-0.065,4.7,0.017,_,HIP_88694_,1,1,0,0,0,2,-4.406,King03,7.3,Glebocki05,1.08,G0V,HIP_88694_,1,HD_165185_,active,5940,18,2014A&A...570A..80T,,4.46,0.06,2014A&A...570A..80T,-0.05,0.03,2014A&A...570A..80T,0.963,0,1,1,1,2,WANT,HIP_88694,0.950752831098101,271.59882,-36.019787,18 06 23.64,-36 01 11.3
18.951,HIP_34017_,HD_52711_,5.93,0.595,0.008,52.7681,0.0929,GaiaDR2,4.54,Sun-like,G0V,2003AJ....126.2048G,-0.065,4.48,0.105,_,HIP_34017_,1,0,0,0,0,1,-4.96,Radick18,2.9,Glebocki05,1.08,G0V,HIP_34017_,1,HD_52711_,quiet,5886,10,2005PASJ...57...27T,,4.3,0.03,2005PASJ...57...27T,-0.11,0.01,2005PASJ...57...27T,1.086,0,1,2,1,1,WANT,HIP_34017,1.37425595421848,105.87691,29.33708,07 03 30.35,+29 20 20.7
20.719,HIP_69671_,HD_124580_,6.31,0.596,0.004,48.2654,0.1401,GaiaDR2,4.73,Sun-like,G0V,2006AJ....132..161G,-0.065,4.66,0.031,_,HIP_69671_,1,0,0,0,0,1,-4.516,BoroSaikia18,4.5,Glebocki05,1.08,G0V,HIP_69671_,1,HD_124580_,active,5923,80,2011A&A...530A.138C,,4.43,NA,2011A&A...530A.138C,-0.15,0.06,2016ApJ...826..171G,0.984,0,1,2,1,1,WANT,HIP_69671,1.01875001303093,213.9112,-45.000755,14 15 38.58,-45 00 01.5
22.442,HIP_50075_,HD_88742_,6.38,0.592,0.001,44.5586,0.0308,GaiaDR2,4.62,Sun-like,G0V,2006AJ....132..161G,-0.065,4.56,0.072,_,HIP_50075_,1,0,0,0,0,1,-4.738,BoroSaikia18,2.7,Glebocki05,1.08,G0V,HIP_50075_,1,HD_88742_,active,5981,13,2008A&A...487..373S,,4.52,0.02,2008A&A...487..373S,-0.02,0.01,2008A&A...487..373S,1.012,0,1,2,1,1,WANT,HIP_50075,0.82807109893411,153.35304,-33.031723,10 13 24.99,-33 01 54.8
22.924,HIP_51248_,HD_90508_,6.42,0.61,0.006,43.6231,0.1254,GaiaDR2,4.62,Sun-like,G0V,2003AJ....126.2048G,-0.065,4.55,0.075,_,HIP_51248_,1,0,0,0,0,1,-5.06,Radick18,1.6,Glebocki05,1.08,G0V,HIP_51248_,0,HD_90508_,quiet,5734,68,2013ApJ...764...78R,,4.3,0.03,2013ApJ...764...78R,-0.37,0.07,2013ApJ...764...78R,1.104,0,1,2,1,1,WANT,HIP_51248,1.37425595421848,157.01617,48.7849,10 28 03.81,+48 47 13.4
12.484,HIP_24813_,HD_34411_,4.71,0.624,0.015,80.1054,0.2158,GaiaDR2,4.22,Sun-like,G1.5IV-V_Fe-1,1989ApJS...71..245K,-0.08,4.14,0.239,70,HIP_24813_,0,0,1,0,0,1,-5.085,Isaacson10,1.3,Glebocki05,1.08,G1.5IV-V_Fe-1,HIP_24813_,,HD_34411_,,5872,66,2013ApJ...764...78R,,4.26,0.03,2013ApJ...764...78R,0.05,0.04,2013ApJ...764...78R,1.272,0,1,2,1,1,WANT,HIP_24813,1.50684168972051,79.78531,40.099052,05 19 08.08,+40 06 02.4
17.053,HIP_34065_,HD_53705_,5.56,0.624,0.009,58.6411,0.076,GaiaDR2,4.4,Sun-like,G1.5V,1989ApJS...71..245K,-0.08,4.32,0.168,_,HIP_34065_,1,0,0,0,0,1,-4.93,Henry96,3.6,Glebocki05,1.04,G1.5V,HIP_34065_,1,HD_53705_,,5810,30,2012A&A...542A..84D,,4.32,0.13,2012A&A...542A..84D,-0.22,0.05,2012A&A...542A..84D,1.197,0,1,2,1,1,WANT,HIP_34065,1.31240424757446,105.98882,-43.60804,07 03 57.40,-43 36 32.3
17.053,HIP_34069_,HD_53706_,6.83,0.779,0.02,58.6396,0.0242,GaiaDR2,5.67,Sun-like,G1.5V,1989ApJS...71..245K,-0.08,5.59,-0.34,_,HIP_34069_,1,0,0,0,0,1,-5.01,Henry96,1.8,Glebocki05,1.04,G1.5V,HIP_34069_,1,HD_53706_,quiet,5245,44,2005ApJS..159..141V,,4.57,0.06,2005ApJS..159..141V,-0.28,0.03,2005ApJS..159..141V,0.818,0,1,2,1,1,WANT,HIP_34069,0.738019143766466,105.99551,-43.61132,07 03 59.00,-43 36 44.2
17.438,HIP_70319_,HD_126053_,6.25,0.639,0.006,57.3445,0.0362,GaiaDR2,5.04,Sun-like,G1.5V,2003AJ....126.2048G,-0.08,4.96,-0.089,_,HIP_70319_,1,0,0,0,0,1,-4.957,Baliunas96,1.3,Glebocki05,1.04,G1.5V,HIP_70319_,1,HD_126053_,quiet,5691,30,2013ApJ...764...78R,,4.44,0.02,2013ApJ...764...78R,-0.36,0.04,2013ApJ...764...78R,0.929,0,1,2,1,1,WANT,HIP_70319,0.995560431583035,215.81369,1.241569,14 23 15.15,+01 14 33.8
21.807,HIP_75809_,HD_139777_,6.57,0.665,0.005,45.8577,0.0328,GaiaDR2,4.88,Sun-like,G1.5V(n),2003AJ....126.2048G,-0.08,4.8,-0.023,_,HIP_75809_,1,0,0,0,0,1,-4.27,White07,4.8,Glebocki05,1.04,G1.5V(n),HIP_75809_,1,HD_139777_,active,5771,5,2012A&A...547A.106M,,4.4,0.2,2012A&A...547A.106M,0.01,0.05,2012A&A...547A.106M,0.974,1,1,2,1,1,WANT,HIP_75809,1.0916103061737,232.2966,80.4486,15 29 11.97,+80 26 54.0
21.152,HIP_96895_,HD_186408_,5.99,0.643,0.006,47.2771,0.0327,GaiaDR2,4.36,Sun-like,G1.5Vb,1989ApJS...71..245K,-0.08,4.28,0.183,_,HIP_96895_,1,0,0,0,0,1,-5.07,Radick18,8.6,Glebocki05,1.04,G1.5Vb,HIP_96895_,1,HD_186408_,quiet,5787,32,2013ApJ...764...78R,,4.26,0.02,2013ApJ...764...78R,0.05,0.04,2013ApJ...764...78R,1.228,0,1,1,1,1,WANT,HIP_96895,1.50684168972051,295.45398,50.52506,19 41 49.09,+50 31 31.6
19.886,HIP_95149_,HD_181321_,6.48,0.628,0.002,50.2864,0.3959,GaiaDR2,4.99,Sun-like,G1V,2006AJ....132..161G,-0.075,4.91,-0.069,_,HIP_95149_,1,0,0,0,0,1,-4.31,Henry96,11.8,Glebocki05,1.07,G1V,HIP_95149_,1,HD_181321_,high vsini,5810,30,2012A&A...542A..84D,,4.34,0.13,2012A&A...542A..84D,-0.06,0.05,2012A&A...542A..84D,0.912,1,1,0,1,1,WANT,HIP_95149,1.25333632629665,290.374,-34.983486,19 21 29.70,-34 58 59.6
20.899,HIP_102040_,HD_197076_,6.43,0.611,0.009,47.85,0.0361,GaiaDR2,4.83,Sun-like,G1V,2003AJ....126.2048G,-0.075,4.75,-0.006,_,HIP_102040_,1,0,0,0,0,1,-4.89,Radick18,2.9,Glebocki05,1.07,G1V,HIP_102040_,1,HD_197076_,slightly active,5838,6,2014A&A...572A..48R,,4.48,0.02,2014A&A...572A..48R,-0.09,0.01,2014A&A...572A..48R,0.971,2,1,2,1,1,WANT,HIP_102040,0.907961904837576,310.18808,19.935535,20 40 45.07,+19 56 05.2
21.988,HIP_41484_,HD_71148_,6.32,0.624,0.004,45.4793,0.0369,GaiaDR2,4.61,Sun-like,G1V,2003AJ....126.2048G,-0.075,4.53,0.082,_,HIP_41484_,1,0,0,0,0,1,-4.94,Hall07,2.7,Glebocki05,1.07,G1V,HIP_41484_,1,HD_71148_,quiet,5801,41,2013ApJ...764...78R,,4.35,0.02,2013ApJ...764...78R,0.02,0.03,2013ApJ...764...78R,1.089,2,1,2,1,1,WANT,HIP_41484,1.22480690843311,126.903275,45.65299,08 27 36.80,+45 39 13.8
22.654,HIP_54745_,HD_97334_,6.41,0.6,0.0,44.1428,0.0383,GaiaDR2,4.63,Sun-like,G1V,2003AJ....126.2048G,-0.075,4.56,0.072,_,HIP_54745_,1,0,0,0,0,1,-4.422,Baliunas96,5.4,Glebocki05,1.07,G1V,HIP_54745_,1,HD_97334_,active,5898,44,2005ApJS..159..141V,,4.42,0.06,2005ApJS..159..141V,0.09,0.03,2005ApJS..159..141V,1.041,0,1,1,1,1,WANT,HIP_54745,1.04247974922047,168.1348,35.81408,11 12 32.53,+35 48 52.0
23.549,HIP_19233_,HD_26491_,6.37,0.636,0.003,42.4641,0.026,GaiaDR2,4.51,Sun-like,G1V,2006AJ....132..161G,-0.075,4.44,0.122,_,HIP_19233_,1,0,0,0,0,1,-4.95,Henry96,2.7,Glebocki05,1.07,G1V,HIP_19233_,1,HD_26491_,quiet,5803,45,2014A&A...562A..71B,,4.29,0.07,2014A&A...562A..71B,-0.07,0.05,2014A&A...562A..71B,1.138,0,1,2,1,1,WANT,HIP_19233,1.40626648755187,61.839756,-64.22229,04 07 21.29,-64 13 23.2
1.338,HIP_71683_,HD_128620_,-0.01,0.71,0.04,747.17,0.61,Kervella16,4.36,Sun-like,G2V,2006AJ....132..161G,-0.085,4.27,0.187,_,HIP_71683_,0,1,0,0,0,1,-5.002,Henry96,3.2,Glebocki05,1.02,G2V,HIP_71683_,0,HD_128620_,quiet,5840,69,2014A&A...564A.133J,,4.31,0.02,2014A&A...564A.133J,0.26,0.01,2014A&A...564A.133J,1.212,0,1,2,1,1,WANT,HIP_71683,1.34297406958244,219.90207,-60.833973,14 39 40.90,-60 50 06.5
17.915,HIP_98959_,HD_189567_,6.07,0.648,0.006,55.8197,0.0381,GaiaDR2,4.8,Sun-like,G2V,2006AJ....132..161G,-0.085,4.72,0.008,_,HIP_98959_,1,0,0,0,0,1,-4.86,Henry96,1.8,Glebocki05,1.02,G2V,HIP_98959_,1,HD_189567_,slightly active,5726,15,2008A&A...487..373S,,4.41,0.01,2008A&A...487..373S,-0.24,0.01,2008A&A...487..373S,1.026,0,1,2,1,1,WANT,HIP_98959,1.06676222197191,301.3865,-67.3209,20 05 31.49,-67 19 09.3
19.017,HIP_98921_,HD_190771_,6.18,0.654,0.004,52.5858,0.0263,GaiaDR2,4.78,Sun-like,G2V,2003AJ....126.2048G,-0.085,4.7,0.016,_,HIP_98921_,1,0,0,0,0,1,-4.431,Isaacson10,3.6,Glebocki05,1.02,G2V,HIP_98921_,1,HD_190771_,active,5772,66,2013ApJ...764...78R,,4.44,0.03,2013ApJ...764...78R,0.09,0.04,2013ApJ...764...78R,1.019,1,1,2,1,1,WANT,HIP_98921,0.995560431583035,301.29077,38.47846,20 05 09.59,+38 28 41.5
21.77,HIP_36515_,HD_59967_,6.66,0.641,0.006,45.9339,0.0272,GaiaDR2,4.97,Sun-like,G2V,2006AJ....132..161G,-0.085,4.89,-0.058,_,HIP_36515_,1,0,0,0,0,1,-4.36,Henry96,3.5,Glebocki05,1.02,G2V,HIP_36515_,1,HD_59967_,active,5847,12,2014A&A...572A..48R,,4.54,0.02,2014A&A...572A..48R,-0.02,0.01,2014A&A...572A..48R,0.911,1,1,2,1,1,WANT,HIP_36515,0.790801760180697,112.67713,-37.33936,07 30 42.58,-37 20 22.2
22.051,HIP_109821_,HD_210918_,6.23,0.648,0.006,45.35,0.37,HIP2,4.51,Sun-like,G2V,2006AJ....132..161G,-0.085,4.43,0.125,_,HIP_109821_,1,0,0,0,0,1,-5.101,Lorenzo-Oliveira18,1.8,Glebocki05,1.02,G2V,HIP_109821_,1,HD_210918_,quiet,5746,7,2014A&A...572A..48R,,4.31,0.02,2014A&A...572A..48R,-0.12,0.01,2014A&A...572A..48R,1.165,0,1,2,1,1,WANT,HIP_109821,1.34297406958244,333.66104,-41.381664,22 14 38.21,-41 22 47.1
15.468,HIP_113357_,HD_217014_,5.45,0.666,0.007,64.6488,0.1232,GaiaDR2,4.5,Sun-like,G2V+,2006AJ....132..161G,-0.085,4.42,0.129,_,HIP_113357_,1,0,0,0,0,1,-5.074,Baliunas96,2.8,Glebocki05,1.02,G2V+,HIP_113357_,1,HD_217014_,quiet,5822,15,2013A&A...554A..84M,,4.43,0.04,2013A&A...554A..84M,0.18,0.02,2013A&A...554A..84M,1.14,0,1,2,1,1,WANT,HIP_113357,1.01875001303093,344.36658,20.768833,22 57 27.85,+20 46 07.3
21.153,HIP_96901_,HD_186427_,6.25,0.661,0.005,47.2754,0.0245,GaiaDR2,4.62,Sun-like,G3V,1989ApJS...71..245K,-0.095,4.53,0.085,_,HIP_96901_,1,0,0,0,0,1,-5.04,Radick18,1.8,Glebocki05,1.0,G3V,HIP_96901_,1,HD_186427_,quiet,5713,37,2013ApJ...764...78R,,4.31,0.02,2013ApJ...764...78R,0.04,0.02,2013ApJ...764...78R,1.125,0,1,2,1,1,WANT,HIP_96901,1.34297406958244,295.46655,50.517525,19 41 52.10,+50 31 04.5
22.841,HIP_116613_,HD_222143_,6.58,0.665,0.005,43.7807,0.0355,GaiaDR2,4.79,Sun-like,G3V(k),2003AJ....126.2048G,-0.095,4.69,0.019,_,HIP_116613_,1,0,0,0,0,1,-4.521,Isaacson10,2.1,Glebocki05,1.0,G3V(k),HIP_116613_,1,HD_222143_,active,5900,20,2012A&A...547A..13T,,4.57,0.06,2012A&A...547A..13T,0.15,0,2012A&A...547A..13T,0.979,0,1,2,1,1,WANT,HIP_116613,0.738019143766466,354.4937,46.199436,23 37 58.19,+46 11 58.1
20.25,HIP_50505_,HD_89269_,6.66,0.653,0.004,49.3821,0.0448,GaiaDR2,5.13,Sun-like,G4V,2003AJ....126.2048G,-0.1,5.03,-0.115,_,HIP_50505_,1,0,0,0,0,1,-5.03,Radick18,0,Glebocki05,0.99,G4V,HIP_50505_,1,HD_89269_,quiet,5586,44,2005ApJS..159..141V,,4.44,0.06,2005ApJS..159..141V,-0.2,0.03,2005ApJS..159..141V,0.935,0,1,2,1,1,WANT,HIP_50505,0.995560431583035,154.71645,44.048325,10 18 51.90,+44 02 56.6
21.351,HIP_93966_,HD_178428_,6.08,0.705,0.005,46.8373,0.118,GaiaDR2,4.43,Sun-like,G4V_CN+0.5,2006AJ....132..161G,-0.1,4.33,0.163,_,HIP_93966_,1,0,0,0,0,1,-5.048,Baliunas96,0.9,Glebocki05,0.99,G4V_CN+0.5,HIP_93966_,1,HD_178428_,quiet,5660,12,2005PASJ...57...27T,,4.19,0.03,2005PASJ...57...27T,0.16,0.02,2005PASJ...57...27T,1.254,0,1,2,1,1,WANT,HIP_93966,1.77038461693358,286.98883,16.853386,19 07 57.28,+16 51 14.9
8.31,HIP_86974_,HD_161797_,3.42,0.75,0.015,120.33,0.16,HIP2,3.82,Sun-like,G5IV,1989ApJS...71..245K,-0.105,3.72,0.409,_,HIP_86974_,0,0,0,1,0,1,-5.077,Isaacson10,1.9,Glebocki05,0.98,G5IV,HIP_86974_,0,HD_161797_,quiet,5562,35,2015A&A...574A..50J,,3.98,0.05,2015A&A...574A..50J,0.28,0.05,2015A&A...574A..50J,1.725,0,1,2,1,1,WANT,HIP_86974,2.8712276479518,266.6147,27.720676,17 46 27.72,+27 43 21.0
18.645,HIP_29525_,HD_42807_,6.43,0.663,0.005,53.6335,0.0716,GaiaDR2,5.08,Sun-like,G5V,2003AJ....126.2048G,-0.105,4.97,-0.093,_,HIP_29525_,1,0,0,0,0,1,-4.47,Radick18,3.6,Glebocki05,0.98,G5V,HIP_29525_,1,HD_42807_,active,5737,7,2014A&A...572A..48R,,4.49,0.02,2014A&A...572A..48R,-0.02,0.01,2014A&A...572A..48R,0.91,1,1,2,1,1,WANT,HIP_29525,0.887294168617217,93.30209,10.627144,06 13 12.46,+10 37 40.3
20.908,HIP_65530_,HD_117043_,6.5,0.739,0.001,47.8275,0.0248,GaiaDR2,4.9,Sun-like,G5V,1962ApJ...136..315B,-0.105,4.79,-0.021,_,HIP_65530_,1,0,0,0,0,1,-5.016,Isaacson10,0,Glebocki05,0.98,G5V,HIP_65530_,1,HD_117043_,quiet,5610,20,2004A&A...418..551M,,4.5,0.2,2004A&A...418..551M,0.21,0.1,2004A&A...418..551M,1.033,0,1,2,1,1,WANT,HIP_65530,0.867096887509786,201.4994,63.261276,13 26 00.37,+63 15 38.7
16.733,HIP_29568_,HD_43162_,6.37,0.713,0.006,59.7617,0.0243,GaiaDR2,5.25,Sun-like,G6.5V,2006AJ....132..161G,-0.12,5.13,-0.157,_,HIP_29568_,1,0,0,0,0,1,-4.4,Wright04,5.5,Glebocki05,0.97,G6.5V,HIP_29568_,1,HD_43162_,active,5633,35,2004A&A...415.1153S,,4.48,0.07,2004A&A...415.1153S,-0.01,0.04,2004A&A...415.1153S,0.876,0,1,1,1,1,WANT,HIP_29568,0.907961904837576,93.438736,-23.861938,06 13 45.33,-23 51 43.9
21.056,HIP_7339_,HD_9407_,6.52,0.686,0.003,47.4926,0.0265,GaiaDR2,4.9,Sun-like,G6.5V,2003AJ....126.2048G,-0.12,4.78,-0.017,_,HIP_7339_,1,0,0,0,0,1,-4.953,BoroSaikia18,0,Glebocki05,0.97,G6.5V,HIP_7339_,1,HD_9407_,quiet,5657,44,2005ApJS..159..141V,,4.48,0.06,2005ApJS..159..141V,0.02,0.03,2005ApJS..159..141V,1.021,0,1,2,1,1,WANT,HIP_7339,0.907961904837576,23.638597,68.948135,01 34 33.88,+68 56 52.3
26.2,HIP_74500_,HD_134987_,6.47,0.691,0.02,38.1678,0.0747,GaiaDR2,4.38,Sun-like,G6IV-V,2006AJ....132..161G,-0.115,4.26,0.191,_,HIP_74500_,0,0,0,0,1,1,-5.081,Isaacson10,1.8,Glebocki05,0.97,G6IV-V,HIP_74500_,1,HD_134987_,quiet,5750,0,2014A&A...561A...7R,,4.3,0,2014A&A...561A...7R,0.25,0,2014A&A...561A...7R,1.255,0,1,2,1,1,WANT,HIP_74500,1.37425595421848,228.36945,-25.309347,15 13 28.93,-25 18 33.0
17.741,HIP_57507_,HD_102438_,6.48,0.681,0.001,56.3677,0.0342,GaiaDR2,5.24,Sun-like,G6V,2006AJ....132..161G,-0.115,5.12,-0.152,_,HIP_57507_,1,0,0,0,0,1,-4.88,BoroSaikia18,2.7,Glebocki05,0.97,G6V,HIP_57507_,1,HD_102438_,slightly active,5560,13,2008A&A...487..373S,,4.41,0.03,2008A&A...487..373S,-0.29,0.01,2008A&A...487..373S,0.905,0,1,2,1,1,WANT,HIP_57507,1.06676222197191,176.81587,-30.28651,11 47 15.99,-30 17 09.4
21.207,HIP_14150_,HD_18803_,6.62,0.696,0.009,47.1551,0.0603,GaiaDR2,4.99,Sun-like,G6V,2003AJ....126.2048G,-0.115,4.87,-0.053,_,HIP_14150_,1,0,0,0,0,1,-4.905,Isaacson10,0.9,Glebocki05,0.97,G6V,HIP_14150_,1,HD_18803_,quiet,5666,15,2005PASJ...57...27T,,4.46,0.04,2005PASJ...57...27T,0.15,0.03,2005PASJ...57...27T,0.976,0,1,2,1,1,WANT,HIP_14150,0.950752831098101,45.608444,26.60924,03 02 25.87,+26 36 34.7
22.03,HIP_3497_,HD_4308_,6.55,0.655,0.006,45.393,0.022,GaiaDR2,4.83,Sun-like,G6V_Fe-0.9,2006AJ....132..161G,-0.115,4.72,0.008,_,HIP_3497_,1,0,0,0,0,1,-5.05,Henry96,2.7,Glebocki05,0.97,G6V_Fe-0.9,HIP_3497_,1,HD_4308_,quiet,5685,13,2006A&A...458..873S,,4.49,0.01,2006A&A...458..873S,-0.31,0.01,2006A&A...458..873S,1.04,0,1,2,1,1,WANT,HIP_3497,0.887294168617217,11.163615,-65.64952,00 44 39.04,-65 38 51.8
17.1,HIP_62523_,HD_111395_,6.29,0.703,0.002,58.4809,0.0501,GaiaDR2,5.13,Sun-like,G7V,2003AJ....126.2048G,-0.125,5.0,-0.104,_,HIP_62523_,1,0,0,0,0,1,-4.541,Isaacson10,2.8,Glebocki05,0.96,G7V,HIP_62523_,1,HD_111395_,active,5632,10,2005PASJ...57...27T,,4.49,0.03,2005PASJ...57...27T,0.11,0.02,2005PASJ...57...27T,0.932,0,1,2,1,1,WANT,HIP_62523,0.887294168617217,192.19603,24.840225,12 48 47.26,+24 50 25.7
16.796,HIP_82588_,HD_152391_,6.65,0.749,0.011,59.5382,0.0328,GaiaDR2,5.52,Sun-like,G8.5V(k),2006AJ....132..161G,-0.15,5.37,-0.254,_,HIP_82588_,1,0,0,0,0,1,-4.448,Baliunas96,3.1,Glebocki05,0.92,G8.5V(k),HIP_82588_,1,HD_152391_,active,5450,31,2010MNRAS.403.1368G,,4.51,0.07,2010MNRAS.403.1368G,0,0.02,2010MNRAS.403.1368G,0.838,0,1,2,1,1,WANT,HIP_82588,0.847359352649497,253.24501,-0.0264211,16 52 59.22,-00 01 22.1
17.565,HIP_1292_,HD_1237_,6.59,0.749,0.004,56.9319,0.0235,GaiaDR2,5.37,Sun-like,G8.5V(k),2006AJ....132..161G,-0.15,5.22,-0.191,_,HIP_1292_,1,0,0,0,0,1,-4.435,BoroSaikia18,3.6,Glebocki05,0.92,G8.5V(k),HIP_1292_,1,HD_1237_,active,5514,36,2008A&A...487..373S,,4.5,0.07,2008A&A...487..373S,0.07,0.03,2008A&A...487..373S,0.88,0,1,2,1,1,WANT,HIP_1292,0.867096887509786,4.052823,-79.85118,00 16 11.24,-79 51 03.7
20.073,HIP_113421_,HD_217107_,6.17,0.744,0.006,49.817,0.0574,GaiaDR2,4.66,Sun-like,G8IV-V,2003AJ....126.2048G,-0.14,4.52,0.089,_,HIP_113421_,0,0,0,0,1,1,-5.086,Isaacson10,1.7,Glebocki05,0.94,G8IV-V,HIP_113421_,1,HD_217107_,quiet,5671,23,2013A&A...554A..84M,,4.51,0.05,2013A&A...554A..84M,0.33,0.02,2013A&A...554A..84M,1.148,0,1,2,1,1,WANT,HIP_113421,0.847359352649497,344.56476,-2.395385,22 58 15.54,-02 23 43.2
17.15,HIP_38784_,HD_62613_,6.55,0.719,0.007,58.3088,0.0244,GaiaDR2,5.38,Sun-like,G8V,1979PASP...91...83C,-0.14,5.24,-0.199,_,HIP_38784_,1,0,0,0,0,1,-4.84,Wright04,1.8,Glebocki05,0.94,G8V,HIP_38784_,1,HD_62613_,slightly active,5502,70,2008MNRAS.384..173F,,4.52,0.1,2008MNRAS.384..173F,-0.08,0.07,2008MNRAS.384..173F,0.875,0,1,2,1,1,WANT,HIP_38784,0.82807109893411,119.07179,80.26554,07 56 18.87,+80 15 55.2
19.309,HIP_100925_,HD_194640_,6.61,0.724,0.014,51.7896,0.0486,GaiaDR2,5.18,Sun-like,G8V,2006AJ....132..161G,-0.14,5.04,-0.12,_,HIP_100925_,1,0,0,0,0,1,-4.9,Henry96,1.8,Glebocki05,0.94,G8V,HIP_100925_,1,HD_194640_,quiet,5530,44,2005ApJS..159..141V,,4.49,0.06,2005ApJS..159..141V,-0.03,0.03,2005ApJS..159..141V,0.948,0,1,2,1,1,WANT,HIP_100925,0.887294168617217,306.93436,-30.867846,20 27 44.25,-30 51 59.7
18.209,HIP_55846_,HD_99491_,6.49,0.778,0.015,54.9177,0.0463,GaiaDR2,5.19,Sun-like,G9IV-V,1986ApJ...304..688A,-0.16,5.03,-0.115,_,HIP_55846_,1,0,0,0,0,1,-4.878,Isaacson10,2.3,Glebocki05,0.9,G9IV-V,HIP_55846_,1,HD_99491_,slightly active,5415,39,2010MNRAS.403.1368G,,4.37,0.05,2010MNRAS.403.1368G,0.3,0.03,2010MNRAS.403.1368G,0.995,0,1,2,1,1,WANT,HIP_55846,1.16968151686145,171.68884,3.013102,11 26 45.75,+03 00 45.6
8.786,HIP_84720_,HD_156274_,5.47,0.764,0.4,113.8158,0.1227,GaiaDR2,5.75,Sun-like,G9V,1984ApJS...55..657C,-0.16,5.59,-0.34,_,HIP_84720_,1,0,0,0,0,1,-4.941,BoroSaikia18,1.8,Glebocki05,0.9,G9V,HIP_84720_,0,HD_156274_,quiet,5273,60,2013ApJ...764...78R,,4.53,0.03,2013ApJ...764...78R,-0.32,0.05,2013ApJ...764...78R,0.81,0,1,2,1,1,WANT,HIP_84720,0.809221899476192,259.76596,-46.636234,17 19 02.95,-46 38 11.4
24.301,HIP_79492_,HD_145958_,6.68,0.764,0.001,41.151,0.0413,GaiaDR2,4.75,Sun-like,G9V,2003AJ....126.2048G,-0.16,4.59,0.059,_,HIP_79492_,1,0,0,0,0,1,-4.955,Isaacson10,1.5,Glebocki05,0.9,G9V,HIP_79492_,1,HD_145958_,quiet,5436,44,2005ApJS..159..141V,,4.55,0.06,2005ApJS..159..141V,-0.03,0.03,2005ApJS..159..141V,1.207,0,1,2,1,1,WANT,HIP_79492,0.772800914445948,243.32689,13.526911,16 13 18.34,+13 31 40.5
10.358,HIP_37826_,HD_62509_,1.16,0.991,0.005,96.54,0.27,HIP2,1.08,Sun-like,K0IIIb,1989ApJS...71..245K,-0.19,0.89,1.539,_,HIP_37826_,0,0,0,0,1,1,-5.21,Duncan91,1.6,Glebocki05,2.03,K0IIIb,HIP_37826_,0,HD_62509_,quiet,4858,60,2014A&A...564A.133J,,2.88,0.05,2014A&A...564A.133J,0.13,0.01,2014A&A...564A.133J,8.299,0,1,2,1,1,WANT,HIP_37826,36.1466144905251,116.32896,28.0262,07 45 19.36,+28 01 34.7
23.94,HIP_99031_,HD_191026_,5.38,0.85,0.0,41.7718,0.0845,GaiaDR2,3.48,Sun-like,K0IV,2003AJ....126.2048G,-0.19,3.29,0.578,_,HIP_99031_,1,0,0,0,0,1,-4.976,Gray03,2.6,Glebocki05,1.22,K0IV,HIP_99031_,1,HD_191026_,quiet,5108,26,2015A&A...574A..50J,,3.74,0.07,2015A&A...574A..50J,-0.02,0.05,2015A&A...574A..50J,2.485,0,1,2,1,1,WANT,HIP_99031,4.98962178613875,301.5907,35.97247,20 06 21.93,+35 58 24.7
18.36,HIP_33690_,HD_53143_,6.81,0.786,0.024,54.4655,0.0233,GaiaDR2,5.49,Sun-like,K0IV-V(k),2006AJ....132..161G,-0.19,5.3,-0.224,_,HIP_33690_,1,0,0,0,0,1,-4.507,Schroder09,3.8,Glebocki05,0.97,K0IV-V(k),HIP_33690_,1,HD_53143_,active,5462,54,2005A&A...437.1127S,,4.47,0.16,2005A&A...437.1127S,0.22,0.06,2005A&A...437.1127S,0.863,0,1,2,1,1,WANT,HIP_33690,0.929111054478178,104.998566,-61.33618,06 59 59.85,-61 20 12.6
15.61,HIP_95319_,HD_182488_,6.37,0.804,0.006,64.0623,0.0218,GaiaDR2,5.4,Sun-like,K0V,1989ApJS...71..245K,-0.19,5.21,-0.189,_,HIP_95319_,1,0,0,0,0,1,-5.015,Isaacson10,1.2,Glebocki05,0.87,K0V,HIP_95319_,1,HD_182488_,quiet,5417,15,2005PASJ...57...27T,,4.58,0.04,2005PASJ...57...27T,0.21,0.02,2005PASJ...57...27T,0.913,0,1,2,1,1,WANT,HIP_95319,0.721219777066528,290.89172,33.221966,19 23 33.96,+33 13 17.7
16.877,HIP_116085_,HD_221354_,6.76,0.839,0.003,59.2528,0.031,GaiaDR2,5.62,Sun-like,K0V,2003AJ....126.2048G,-0.19,5.43,-0.277,_,HIP_116085_,1,0,0,0,0,1,-5.066,Isaacson10,0.6,Glebocki05,0.87,K0V,HIP_116085_,1,HD_221354_,quiet,5175,43,2015A&A...580A..24D,,4.28,0.16,2015A&A...580A..24D,0.02,0.06,2015A&A...580A..24D,0.904,0,1,2,1,1,WANT,HIP_116085,1.4390226419911,352.84253,59.165516,23 31 20.95,+59 09 54.9
14.371,HIP_78775_,HD_144579_,6.66,0.734,0.001,69.587,0.0258,GaiaDR2,5.87,Sun-like,K0V_Fe-1.2,2003AJ....126.2048G,-0.19,5.68,-0.377,_,HIP_78775_,1,0,0,0,0,1,-4.985,Isaacson10,1.8,Glebocki05,0.87,K0V_Fe-1.2,HIP_78775_,1,HD_144579_,quiet,5321,44,2013ApJ...764...78R,,4.55,0.01,2013ApJ...764...78R,-0.64,0.06,2013ApJ...764...78R,0.762,0,1,2,1,1,WANT,HIP_78775,0.772800914445948,241.23663,39.15651,16 04 57.22,+39 09 23.0
15.693,HIP_66765_,HD_118972_,6.92,0.855,0.007,63.7208,0.0573,GaiaDR2,5.94,Sun-like,K0V(k),2006AJ....132..161G,-0.19,5.75,-0.405,_,HIP_66765_,1,0,0,0,0,1,-4.424,BoroSaikia18,4.4,Glebocki05,0.87,K0V(k),HIP_66765_,1,HD_118972_,active,5191,44,2005ApJS..159..141V,,4.54,0.06,2005ApJS..159..141V,0,0.03,2005ApJS..159..141V,0.776,0,1,2,1,1,WANT,HIP_66765,0.790801760180697,205.26738,-34.464157,13 41 04.03,-34 27 49.5
10.358,HIP_13402_,HD_17925_,6.05,0.862,0.015,96.54,0.0435,GaiaDR2,5.97,Sun-like,K1.5V(k),2006AJ....132..161G,-0.245,5.73,-0.395,49,HIP_13402_,0,0,2,0,0,2,-4.311,Baliunas96,6.2,Glebocki05,0.82,K1.5V(k),HIP_13402_,1,HD_17925_,active,5167,44,2013ApJ...764...78R,,4.58,0.02,2013ApJ...764...78R,0.18,0.08,2013ApJ...764...78R,0.792,0,1,1,1,2,WANT,HIP_13402,0.721219777066528,43.13387,-12.769714,02 52 31.89,-12 46 09.3
12.28,HIP_26779_,HD_37394_,6.23,0.84,0.006,81.43,0.0487,GaiaDR2,5.78,Sun-like,K1V,1967AJ.....72.1334C,-0.23,5.55,-0.324,69,HIP_26779_,0,0,1,0,0,1,-4.454,Baliunas96,3,Brewer16,0.88,K1V,HIP_26779_,,HD_37394_,,5257,29,2013ApJ...764...78R,,4.55,0.02,2013ApJ...764...78R,0.08,0.07,2013ApJ...764...78R,0.83,0,1,2,1,1,WANT,HIP_26779,0.772800914445948,85.33473,53.481056,05 41 20.33,+53 28 56.4
14.673,HIP_33817_,HD_52698_,6.71,0.882,0.022,68.1526,0.0746,GaiaDR2,5.88,Sun-like,K1V(k),2006AJ....132..161G,-0.23,5.65,-0.363,_,HIP_33817_,1,0,0,0,0,1,-4.59,Wright04,2.9,Glebocki05,0.85,K1V(k),HIP_33817_,1,HD_52698_,active,5177,51,2005A&A...437.1127S,,4.44,0.09,2005A&A...437.1127S,0.16,0.06,2005A&A...437.1127S,0.818,0,1,2,1,1,WANT,HIP_33817,0.995560431583035,105.30725,-25.948717,07 01 13.61,-25 56 55.7
6.016,HIP_99461_,HD_191408_,5.32,0.868,0.018,166.2274,0.1256,GaiaDR2,6.42,Sun-like,K2.5V,2006AJ....132..161G,-0.315,6.11,-0.547,_,HIP_99461_,1,0,0,0,0,1,-4.982,Isaacson10,0,Glebocki05,0.76,K2.5V,HIP_99461_,1,HD_191408_,quiet,4969,66,2013ApJ...764...78R,,4.62,0.02,2013ApJ...764...78R,-0.52,0.05,2013ApJ...764...78R,0.718,0,1,2,1,1,WANT,HIP_99461,0.657760254242526,302.79974,-36.10121,20 11 11.61,-36 05 50.6
18.301,HIP_49699_,HD_87883_,7.56,0.965,0.013,54.6421,0.0369,GaiaDR2,6.25,Sun-like,K2.5V,2003AJ....126.2048G,-0.315,5.93,-0.477,_,HIP_49699_,0,0,0,0,1,1,-4.999,Gray03,5.5,Glebocki05,0.76,K2.5V,HIP_49699_,1,HD_87883_,quiet,4958,44,2005ApJS..159..141V,,4.56,0.06,2005ApJS..159..141V,0.07,0.03,2005ApJS..159..141V,0.783,0,1,1,1,1,WANT,HIP_49699,0.755209817985267,152.17975,34.24226,10 08 43.18,+34 14 32.7
8.193,HIP_7751_,HD_10360_,5.76,0.88,0.4,122.0552,0.0531,GaiaDR2,6.19,Sun-like,K2V,2006AJ....132..161G,-0.26,5.93,-0.477,_,HIP_7751_,1,0,0,0,0,1,-4.753,Henry96,1.8,Glebocki05,0.78,K2V,HIP_7751_,1,HD_10360_,slightly active,5077,49,2013ApJ...764...78R,,4.62,0.02,2013ApJ...764...78R,-0.24,0.03,2013ApJ...764...78R,0.746,0,1,2,1,1,WANT,HIP_7751,0.657760254242526,24.948095,-56.1964,01 39 47.24,-56 11 47.2
14.1,HIP_37349_,HD_61606_,7.18,0.891,0.015,70.9216,0.0508,GaiaDR2,6.43,Sun-like,K3-V,2003AJ....126.2048G,-0.37,6.06,-0.53,_,HIP_37349_,1,0,0,0,0,1,-4.403,BoroSaikia18,3.8,Glebocki05,0.75,K3-V,HIP_37349_,1,HD_61606_,active,4937,37,2013ApJ...764...78R,,4.6,0.02,2013ApJ...764...78R,0,0.05,2013ApJ...764...78R,0.743,0,1,2,1,1,WANT,HIP_37349,0.688759539990568,114.9972,-3.597507,07 39 59.29,-03 35 48.6
10.908,HIP_117712_,HD_223778_,6.36,0.977,0.006,91.6755,0.0343,GaiaDR2,6.17,Sun-like,K3V,1989ApJS...71..245K,-0.37,5.8,-0.425,_,HIP_117712_,1,0,0,0,0,1,-4.518,Gray03,3,Glebocki05,0.75,K3V,HIP_117712_,1,HD_223778_,active,4754,80,2011A&A...530A.138C,,4.71,0.04,2004A&A...420..183A,-0.61,0.06,2016ApJ...826..171G,0.904,0,1,2,1,1,WANT,HIP_117712,0.534647606968182,358.1055,75.544586,23 52 24.52,+75 32 40.2
12.783,HIP_46580_,HD_82106_,7.2,1.002,0.014,78.229,0.0473,GaiaDR2,6.67,Sun-like,K3V,2003AJ....126.2048G,-0.37,6.3,-0.623,_,HIP_46580_,1,0,0,0,0,1,-4.495,BoroSaikia18,1.8,Glebocki05,0.75,K3V,HIP_46580_,1,HD_82106_,active,4868,44,2005ApJS..159..141V,,4.8,0.06,2005ApJS..159..141V,0.11,0.03,2005ApJS..159..141V,0.686,0,1,2,1,1,WANT,HIP_46580,0.434577890337848,142.47844,5.655134,09 29 55.12,+05 39 17.5
13.243,HIP_71181_,HD_128165_,7.24,0.997,0.018,75.5094,0.0242,GaiaDR2,6.63,Sun-like,K3V,1953ApJ...117..313J,-0.37,6.26,-0.608,_,HIP_71181_,1,0,0,0,0,1,-4.858,BoroSaikia18,3.6,Glebocki05,0.75,K3V,HIP_71181_,1,HD_128165_,slightly active,4809,44,2005ApJS..159..141V,,4.67,0.06,2005ApJS..159..141V,0,0.03,2005ApJS..159..141V,0.715,0,1,2,1,1,WANT,HIP_71181,0.586229443660743,218.37029,52.90879,14 33 29.05,+52 54 29.5
13.619,HIP_79537_,HD_145417_,7.53,0.815,0.006,73.4265,0.0374,GaiaDR2,6.86,Sun-like,K3V_Fe-1.7,2006AJ....132..161G,-0.37,6.49,-0.7,_,HIP_79537_,1,0,0,0,0,1,-5.179,BoroSaikia18,3.6,Glebocki05,0.75,K3V_Fe-1.7,HIP_79537_,1,HD_145417_,quiet,5006,53,2011A&A...526A..99S,,4.82,0.12,2011A&A...526A..99S,-1.23,0.04,2011A&A...526A..99S,0.594,0,1,2,1,1,WANT,HIP_79537,0.415018663321481,243.45233,-57.57051,16 13 49.49,-57 34 01.5
12.117,HIP_55691_,HD_99279_,7.22,1.271,0.03,82.5253,1.512,GaiaDR2,6.8,Sun-like,K5-V,2006AJ....132..161G,-0.63,6.17,-0.573,_,HIP_55691_,1,0,0,0,0,1,-4.921,Gray06,_,_,0.69,K5-V,HIP_55691_,0,HD_99279_,quiet,4375,NA,1997A&A...323..809F,,4.6,NA,NA,0.13,0.08,1997A&A...323..809F,0.9,0,2,1,1,1,WANT,HIP_55691,0.688759539990568,171.16798,-61.647568,11 24 40.94,-61 38 51.9
8.231,HIP_113576_,HD_217357_,7.88,1.379,0.018,121.4918,0.0507,GaiaDR2,8.3,Sun-like,K7+V_k,2006AJ....132..161G,-0.95,7.35,-1.045,_,HIP_113576_,0,1,0,0,0,1,-4.643,Gray06,2.7,Glebocki05,0.62,K7+V_k,HIP_113576_,1,HD_217357_,active,3763,118,2005ApJ...626..446R,,4.73,0.01,2007ApJS..168..297T,-0.08,0.07,2019A&A...627A.138A,0.706,0,1,2,1,1,WANT,HIP_113576,0.510584500788716,345.06717,-22.524347,23 00 16.69,-22 31 28.2
