_RAJ2000,_DEJ2000,RAhms,DEdms,pc,HIP_2,HD_2,mag,B-V,eB-V,plx,eplx,Ref_plx,Mv,category,MK,Ref_SpT,BCv_2,Mbol,log(L/Lsun),Habex,HIP_2a,L-A,L-B,Hab,SR1,SR3,lists_2,logR'HK,RefR'HK,kms,RefVsini,Msun,SpT,HIP_2b,Teff,HD_2a,notes,K,eTeff,ref_Teff,BCv_2a,cms,elog(g),ref_logg,Sun,e[Fe/H],ref_FeH,Rsun,Solar Twin?,N(<6500K),N(vsini),N(F7-K9),lists_2a,Sample,Name,solRad
291.2425,11.944415,19 24 57.77,+11 56 34.3,14.959,HIP_95447_,HD_182572_,5.17,0.761,0.018,66.848,0.0913,GaiaDR2,4.3,Sun-like,G7IV_Hdel1,1989ApJS...71..245K,-0.125,4.17,0.228,99,HIP_95447_,1,1,1,0,0,3,-5.099,Baliunas96,1.9,Glebocki05,0.95,G7IV_Hdel1,HIP_95447_,1,HD_182572_,quiet,5530,21,2015A&A...574A..50J,,4.05,0.04,2015A&A...574A..50J,0.34,0.02,2015A&A...574A..50J,1.416,0,1,2,1,3,MUST,HIP_95447,2.44381106751012
9.840858,21.250473,00 39 22.09,+21 15 04.9,11.137,HIP_3093_,HD_3651_,5.88,0.85,0.009,89.7891,0.0581,GaiaDR2,5.65,Sun-like,K0.5V,1989ApJS...71..245K,-0.21,5.44,-0.278,55,HIP_3093_,1,1,1,0,0,3,-4.991,Baliunas96,1.8,Glebocki05,0.86,K0.5V,HIP_3093_,1,HD_3651_,quiet,5303,63,2013ApJ...764...78R,,4.56,0.03,2013ApJ...764...78R,0.18,0.07,2013ApJ...764...78R,0.86,0,1,2,1,3,MUST,HIP_3093,0.755209817985267
311.3224,61.838783,20 45 17.27,+61 50 12.5,14.265,HIP_102422_,HD_198149_,3.41,0.912,0.002,70.1,0.11,HIP2,2.64,Sun-like,K0IV,1989ApJS...71..245K,-0.19,2.45,0.917,89,HIP_102422_,1,0,1,0,0,2,OK?,_,1.7,Glebocki05,1.23,K0IV,HIP_102422_,0,HD_198149_,subgiant,5002,28,2015A&A...580A..24D,,3.43,0.15,2015A&A...580A..24D,-0.09,0.05,2015A&A...580A..24D,3.825,0,1,2,1,2,MUST,HIP_102422,10.1875001303092
264.8205,3.5552387,17 39 17.02,+03 33 19.7,11.0,HIP_86400_,HD_160346_,6.53,0.959,0.006,90.91,0.67,HIP2,6.32,Sun-like,K3-V,1989ApJS...71..245K,-0.37,5.95,-0.485,47,HIP_86400_,1,1,1,0,0,3,-4.795,Baliunas96,1.5,Glebocki05,0.75,K3-V,HIP_86400_,0,HD_160346_,slightly active,4808,49,2013ApJ...764...78R,,4.56,0.01,2013ApJ...764...78R,-0.08,0.08,2013ApJ...764...78R,0.824,0,1,2,1,3,MUST,HIP_86400,0.755209817985267
261.2504,67.3067,17 25 00.90,+67 18 24.1,12.793,HIP_85235_,HD_158633_,6.44,0.759,0.003,78.1653,0.0266,GaiaDR2,5.91,Sun-like,K0V,1967AJ.....72.1334C,-0.19,5.72,-0.39,74,HIP_85235_,1,1,1,0,0,3,-4.959,Isaacson10,1.3,Glebocki05,0.87,K0V,HIP_85235_,1,HD_158633_,quiet,5327,35,2013ApJ...764...78R,,4.56,0.02,2013ApJ...764...78R,-0.42,0.06,2013ApJ...764...78R,0.749,0,1,2,1,3,MUST,HIP_85235,0.755209817985267
271.36368,2.5000994,18 05 27.21,+02 30 08.8,5.123,HIP_88601_,HD_165341_,4.03,0.86,0.01,195.2166,0.1012,GaiaDR2,5.48,Sun-like,K0-V,1989ApJS...71..245K,-0.19,5.29,-0.221,_,HIP_88601_,1,1,0,0,0,2,-4.548,Baliunas96,3.7,Glebocki05,0.88,K0-V,HIP_88601_,0,HD_165341_,active,5394,79,2013ApJ...764...78R,,4.56,0.03,2013ApJ...764...78R,0.07,0.06,2013ApJ...764...78R,0.888,0,1,2,1,2,MUST,HIP_88601,0.755209817985267
133.14922,28.330818,08 52 36.13,+28 19 53.0,12.59,HIP_43587_,HD_75732_,5.96,0.869,0.012,79.4274,0.0777,GaiaDR2,5.46,Sun-like,K0IV-V,2003AJ....126.2048G,-0.19,5.27,-0.212,72,HIP_43587_,1,1,1,0,1,4,-4.991,Isaacson10,2.2,Glebocki05,0.95,K0IV-V,HIP_43587_,1,HD_75732_,quiet,5270,39,2012A&A...547A..13T,,4.31,0.11,2012A&A...547A..13T,0.31,0.01,2012A&A...547A..13T,0.94,0,1,2,1,4,MUST,HIP_43587,1.34297406958244
238.16893,42.45152,15 52 40.19,+42 27 00.0,15.832,HIP_77760_,HD_142373_,4.6,0.563,0.014,63.1627,0.149,GaiaDR2,3.6,Sun-like,G0V_Fe-0.8_CH-0.5,2003AJ....126.2048G,-0.065,3.54,0.481,109,HIP_77760_,1,1,1,0,0,3,-5.042,Baliunas96,3.4,Glebocki05,1.08,G0V_Fe-0.8_CH-0.5,HIP_77760_,1,HD_142373_,quiet,5776,20,2005PASJ...57...27T,,3.83,0.05,2005PASJ...57...27T,-0.51,0.02,2005PASJ...57...27T,1.738,0,1,2,1,3,MUST,HIP_77760,4.0557168518908
222.84741,19.10046,14 51 23.28,+19 06 02.3,6.733,HIP_72659_,HD_131156_,4.54,0.72,0.015,148.5195,0.2436,GaiaDR2,5.4,Sun-like,G7V,2003AJ....126.2048G,-0.125,5.27,-0.214,_,HIP_72659_,1,1,0,0,0,2,-4.363,Baliunas96,3.5,Glebocki05,0.96,G7V,HIP_72659_,0,HD_131156_,active,5527,10,2005PASJ...57...27T,,4.6,0.02,2005PASJ...57...27T,-0.13,0.02,2005PASJ...57...27T,0.853,0,1,2,1,2,MUST,HIP_72659,0.688759539990568
191.24753,39.278915,12 44 59.68,+39 16 42.9,17.565,HIP_62207_,HD_110897_,5.95,0.557,0.013,56.9309,0.073,GaiaDR2,4.73,Sun-like,F9V_Fe-0.3,2003AJ....126.2048G,-0.05,4.68,0.025,_,HIP_62207_,1,1,0,0,0,2,-4.972,Isaacson10,1.8,Glebocki05,1.14,F9V_Fe-0.3,HIP_62207_,1,HD_110897_,quiet,5842,22,2005PASJ...57...27T,,4.33,0.05,2005PASJ...57...27T,-0.5,0.02,2005PASJ...57...27T,1.005,0,1,2,1,2,MUST,HIP_62207,1.28253027967027
53.232685,-9.458262,03 32 56.42,-09 27 29.9,3.216,HIP_16537_,HD_22049_,3.72,0.881,0.007,310.94,0.16,HIP2,6.18,Sun-like,K2V,1989ApJS...71..245K,-0.26,5.92,-0.473,2,HIP_16537_,1,1,2,1,1,6,-4.455,Baliunas96,1.9,Glebocki05,0.78,K2V,HIP_16537_,0,HD_22049_,active,5050,42,2014A&A...564A.133J,,4.6,0.03,2014A&A...564A.133J,-0.09,0.01,2014A&A...564A.133J,0.758,0,1,2,1,6,MUST,HIP_16537,0.688759539990568
249.08937,-2.3245835,16 36 21.18,-02 19 25.8,9.92,HIP_81300_,HD_149661_,5.77,0.827,0.012,100.8111,0.0788,GaiaDR2,5.79,Sun-like,K0V(k),2006AJ....132..161G,-0.19,5.6,-0.343,44,HIP_81300_,1,1,2,0,0,4,-4.583,Baliunas96,1.6,Glebocki05,0.87,K0V(k),HIP_81300_,1,HD_149661_,active,5248,38,2013ApJ...764...78R,,4.55,0.02,2013ApJ...764...78R,0.01,0.07,2013ApJ...764...78R,0.815,0,1,2,1,4,MUST,HIP_81300,0.772800914445948
199.21272,17.017183,13 16 50.67,+17 01 04.1,10.985,HIP_64797_,HD_115404_,6.49,0.926,0.003,91.0325,0.0365,GaiaDR2,6.29,Sun-like,K2.5V(k),2003AJ....126.2048G,-0.315,5.97,-0.492,_,HIP_64797_,1,1,0,0,0,2,-4.48,Baliunas96,3.3,Glebocki05,0.76,K2.5V(k),HIP_64797_,1,HD_115404_,active,5081,65,2013ApJ...764...78R,,4.62,0.03,2013ApJ...764...78R,-0.16,0.06,2013ApJ...764...78R,0.732,0,1,2,1,2,MUST,HIP_64797,0.657760254242526
26.936811,63.8525,01 47 44.06,+63 51 11.2,10.043,HIP_8362_,HD_10780_,5.63,0.804,0.01,99.5746,0.0595,GaiaDR2,5.62,Sun-like,G9V,2003AJ....126.2048G,-0.16,5.46,-0.288,45,HIP_8362_,1,0,2,0,0,3,-4.681,Baliunas96,0.9,Glebocki05,0.9,G9V,HIP_8362_,1,HD_10780_,active,5354,67,2013ApJ...764...78R,,4.53,0.04,2013ApJ...764...78R,0.03,0.05,2013ApJ...764...78R,0.834,0,1,2,1,3,MUST,HIP_8362,0.809221899476192
39.02039,6.8868704,02 36 03.83,+06 53 00.1,7.235,HIP_12114_,HD_16160_,5.79,0.918,0.019,138.2084,0.1436,GaiaDR2,6.49,Sun-like,K3V,1989ApJS...71..245K,-0.37,6.12,-0.553,22,HIP_12114_,1,1,2,0,0,4,-4.958,Baliunas96,1.3,Glebocki05,0.75,K3V,HIP_12114_,1,HD_16160_,quiet,4829,6,2012A&A...547A.106M,,4.6,0.2,2012A&A...547A.106M,-0.16,0.05,2012A&A...547A.106M,0.756,0,1,2,1,4,MUST,HIP_12114,0.688759539990568
103.82778,25.375698,06 55 18.69,+25 22 32.3,17.47,HIP_33277_,HD_50692_,5.74,0.573,0.01,57.2425,0.1005,GaiaDR2,4.53,Sun-like,G0V,2003AJ....126.2048G,-0.065,4.46,0.111,_,HIP_33277_,1,1,0,0,0,2,-4.96,Radick18,2.9,Glebocki05,1.08,G0V,HIP_33277_,1,HD_50692_,quiet,5891,44,2005ApJS..159..141V,,4.36,0.06,2005ApJS..159..141V,-0.18,0.03,2005ApJS..159..141V,1.09,0,1,2,1,2,MUST,HIP_33277,1.19692689940465
55.81209,-9.763394,03 43 14.96,-09 45 54.7,9.041,HIP_17378_,HD_23249_,3.52,0.915,0.018,110.61,0.22,HIP2,3.74,Sun-like,K0+IV,1989ApJS...71..245K,-0.19,3.55,0.476,36,HIP_17378_,1,1,2,0,0,4,-5.184,Baliunas96,1,Glebocki05,0.87,K0+IV,HIP_17378_,0,HD_23249_,quiet,5144,33,2015A&A...574A..50J,,3.95,0.05,2015A&A...574A..50J,0.0,0.04,2015A&A...574A..50J,2.179,0,1,2,1,4,MUST,HIP_17378,3.07657585451231
298.8283,6.4067636,19 55 18.77,+06 24 28.6,13.699,HIP_98036_,HD_188512_,3.71,0.855,0.007,73.0,0.2,HIP2,3.03,Sun-like,G8IV,1989ApJS...71..245K,-0.14,2.89,0.741,79,HIP_98036_,1,1,1,0,0,3,-5.173,Baliunas96,2.7,Glebocki05,0.94,G8IV,HIP_98036_,1,HD_188512_,quiet,5223,26,2015A&A...574A..50J,,3.86,0.04,2015A&A...574A..50J,-0.17,0.05,2015A&A...574A..50J,2.867,0,1,2,1,3,MUST,HIP_98036,3.78501519484192
150.25273,31.923672,10 01 01.02,+31 55 29.0,14.926,HIP_49081_,HD_86728_,5.37,0.676,0.004,66.9958,0.2141,GaiaDR2,4.5,Sun-like,G3Va_Hdel1,1989ApJS...71..245K,-0.095,4.41,0.134,97,HIP_49081_,1,1,1,0,0,3,-5.13,Radick18,1.8,Glebocki05,1.0,G3Va_Hdel1,HIP_49081_,1,HD_86728_,quiet,5753,41,2010MNRAS.403.1368G,,4.3,0.04,2010MNRAS.403.1368G,0.26,0.03,2010MNRAS.403.1368G,1.174,0,1,2,1,3,MUST,HIP_49081,1.37425595421848
12.095738,5.280615,00 48 22.53,+05 17 00.2,7.435,HIP_3765_,HD_4628_,5.74,0.89,0.008,134.499,0.089,GaiaDR2,6.38,Sun-like,K2V,2003AJ....126.2048G,-0.26,6.12,-0.553,23,HIP_3765_,1,1,2,0,0,4,-4.852,Baliunas96,1.8,Glebocki05,0.78,K2V,HIP_3765_,1,HD_4628_,slightly active,5015,58,2013ApJ...764...78R,,4.6,0.02,2013ApJ...764...78R,-0.31,0.05,2013ApJ...764...78R,0.7,0,1,2,1,4,MUST,HIP_3765,0.688759539990568
49.8404,3.370198,03 19 21.54,+03 22 11.9,9.14,HIP_15457_,HD_20630_,4.84,0.681,0.006,109.41,0.27,HIP2,5.04,Sun-like,G5V,1989ApJS...71..245K,-0.105,4.93,-0.076,37,HIP_15457_,1,1,2,0,0,4,-4.42,Baliunas96,4.5,Glebocki05,0.98,G5V,HIP_15457_,0,HD_20630_,active,5749,26,2010MNRAS.403.1368G,,4.51,0.05,2010MNRAS.403.1368G,0.08,0.02,2010MNRAS.403.1368G,0.923,1,1,2,1,4,MUST,HIP_15457,0.847359352649497
75.20417,-5.7536755,05 00 48.68,-05 45 03.5,8.848,HIP_23311_,HD_32147_,6.22,1.049,0.011,113.0236,0.0324,GaiaDR2,6.49,Sun-like,K3+V,2003AJ....126.2048G,-0.37,6.12,-0.55,34,HIP_23311_,1,1,2,0,0,4,-4.948,Baliunas96,1.4,Glebocki05,0.75,K3+V,HIP_23311_,1,HD_32147_,quiet,4745,42,2013ApJ...764...78R,,4.57,0.02,2013ApJ...764...78R,0.19,0.08,2013ApJ...764...78R,0.785,0,1,2,1,4,MUST,HIP_23311,0.738019143766466
175.26256,34.201637,11 41 03.03,+34 12 09.2,9.579,HIP_56997_,HD_101501_,5.31,0.723,0.014,104.3904,0.1287,GaiaDR2,5.4,Sun-like,G8V,1989ApJS...71..245K,-0.14,5.26,-0.209,43,HIP_56997_,1,1,2,0,0,4,-4.546,Baliunas96,2.3,Glebocki05,0.94,G8V,HIP_56997_,1,HD_101501_,active,5528,37,2013ApJ...764...78R,,4.53,0.02,2013ApJ...764...78R,-0.05,0.05,2013ApJ...764...78R,0.857,0,1,2,1,4,MUST,HIP_56997,0.809221899476192
54.21826,0.4016616,03 36 52.52,+00 24 10.2,13.963,HIP_16852_,HD_22484_,4.29,0.575,0.008,71.62,0.54,HIP2,3.57,Sun-like,F9IV-V,1989ApJS...71..245K,-0.05,3.52,0.49,85,HIP_16852_,1,1,1,0,0,3,-5.12,Wright04,3.7,Glebocki05,1.14,F9IV-V,HIP_16852_,1,HD_22484_,quiet,5971,50,2013ApJ...764...78R,,4.06,0.02,2013ApJ...764...78R,-0.09,0.03,2013ApJ...764...78R,1.643,0,1,2,1,3,MUST,HIP_16852,2.38818313615464
138.58559,61.423317,09 14 20.55,+61 25 24.2,19.659,HIP_45333_,HD_79028_,5.18,0.605,0.003,50.8675,0.1742,GaiaDR2,3.71,Sun-like,G0IV-V,2003AJ....126.2048G,-0.065,3.65,0.437,142,HIP_45333_,1,1,1,0,0,3,-5.18,Hall07,4.8,Glebocki05,1.08,G0IV-V,HIP_45333_,1,HD_79028_,quiet,5973,72,2013ApJ...764...78R,,4.13,0.03,2013ApJ...764...78R,0.05,0.04,2013ApJ...764...78R,1.545,0,1,2,1,3,MUST,HIP_45333,2.03267350937466
316.73026,38.742054,21 06 52.19,+38 44 03.9,3.495,HIP_104217_,HD_201092_,6.05,1.309,0.012,286.1457,0.059,GaiaDR2,8.33,Sun-like,K7V,1989ApJS...71..245K,-0.95,7.38,-1.057,4,HIP_104217_,1,1,3,0,0,5,-4.891,Baliunas96,1.8,Glebocki05,0.63,K7V,HIP_104217_,1,HD_201092_,slightly active,4045,25,2014A&A...564A.133J,,4.53,0.04,2014A&A...564A.133J,-0.38,0.03,2014A&A...564A.133J,0.603,0,1,2,1,5,MUST,HIP_104217,0.809221899476192
236.61089,7.353073,15 46 26.75,+07 21 11.7,11.819,HIP_77257_,HD_141004_,4.42,0.604,0.008,84.6121,0.2559,GaiaDR2,4.06,Sun-like,G0-V,1989ApJS...71..245K,-0.065,3.99,0.299,64,HIP_77257_,1,1,1,0,0,3,-5.004,Baliunas96,3.3,Glebocki05,1.09,G0-V,HIP_77257_,1,HD_141004_,quiet,5900,45,2013ApJ...764...78R,,4.17,0.03,2013ApJ...764...78R,-0.01,0.04,2013ApJ...764...78R,1.351,0,1,2,1,3,MUST,HIP_77257,1.85382027342131
202.10754,13.778788,13 28 25.95,+13 46 48.7,17.91,HIP_65721_,HD_117176_,4.97,0.714,0.007,55.8347,0.173,GaiaDR2,3.7,Sun-like,G4V-IV,2002AJ....124.1670M,-0.1,3.6,0.454,127,HIP_65721_,1,1,1,0,0,3,-5.26,Radick18,3,Glebocki05,0.99,G4V-IV,HIP_65721_,1,HD_117176_,quiet,5559,19,2015A&A...574A..50J,,4.05,0.04,2015A&A...574A..50J,-0.06,0.02,2015A&A...574A..50J,1.819,0,1,2,1,3,MUST,HIP_65721,2.44381106751012
293.08997,69.66118,19 32 20.59,+69 39 55.4,5.755,HIP_96100_,HD_185144_,4.67,0.786,0.007,173.77,0.18,HIP2,5.87,Sun-like,K0V,1989ApJS...71..245K,-0.19,5.68,-0.376,15,HIP_96100_,1,1,3,1,0,6,-4.832,Baliunas96,1.8,Glebocki05,0.87,K0V,HIP_96100_,0,HD_185144_,slightly active,5318,10,2005PASJ...57...27T,,4.59,0.04,2005PASJ...57...27T,-0.15,0.02,2005PASJ...57...27T,0.764,0,1,2,1,6,MUST,HIP_96100,0.704802810638864
152.84225,49.454235,10 11 23.36,+49 27 19.7,4.869,HIP_49908_,HD_88230_,6.6,1.326,0.008,205.3917,0.0342,GaiaDR2,8.16,Sun-like,K7V,1991ApJS...77..417K,-0.95,7.21,-0.989,11,HIP_49908_,1,1,2,0,0,4,-4.617,Gray03,2.7,Glebocki05,0.63,K7V,HIP_49908_,1,HD_88230_,active,4131,60,2015ApJ...804...64M,,4.61,0.05,2014MNRAS.444.3517M,0.24,0.08,2015ApJ...804...64M,0.625,0,1,2,1,4,MUST,HIP_49908,0.673081458767184
87.145584,-4.094648,05 48 34.90,-04 05 38.7,15.255,HIP_27435_,HD_38858_,5.97,0.639,0.002,65.5534,0.0621,GaiaDR2,5.05,Sun-like,G2V,2003AJ....126.2048G,-0.085,4.97,-0.091,103,HIP_27435_,1,1,1,0,0,3,-4.89,Radick18,2.7,Glebocki05,1.02,G2V,HIP_27435_,0,HD_38858_,slightly active,5733,12,2008A&A...487..373S,,4.51,0.01,2008A&A...487..373S,-0.22,0.01,2008A&A...487..373S,0.913,0,1,2,1,3,MUST,HIP_27435,0.847359352649497
316.72476,38.749416,21 06 50.84,+38 44 29.4,3.497,HIP_104214_,HD_201091_,5.2,1.069,0.015,285.9459,0.1008,GaiaDR2,7.48,Sun-like,K5V,1989ApJS...71..245K,-0.63,6.85,-0.845,5,HIP_104214_,1,1,3,0,0,5,-4.765,Baliunas96,1.8,Glebocki05,0.68,K5V,HIP_104214_,1,HD_201091_,slightly active,4339,27,2014A&A...564A.133J,,4.43,0.16,2014A&A...564A.133J,-0.33,0.02,2014A&A...564A.133J,0.669,0,1,2,1,5,MUST,HIP_104214,1.01875001303093
25.624008,20.268505,01 42 29.95,+20 16 12.5,7.605,HIP_7981_,HD_10476_,5.24,0.836,0.008,131.4903,0.1515,GaiaDR2,5.83,Sun-like,K1V,1989ApJS...71..245K,-0.23,5.6,-0.346,25,HIP_7981_,1,1,2,0,0,4,-4.912,Baliunas96,0.1,Glebocki05,0.85,K1V,HIP_7981_,1,HD_10476_,quiet,5196,8,2005PASJ...57...27T,,4.5,0.03,2005PASJ...57...27T,-0.01,0.01,2005PASJ...57...27T,0.829,0,1,2,1,4,MUST,HIP_7981,0.867096887509786
63.818,-7.6528707,04 15 17.64,-07 38 40.4,4.985,HIP_19849_,HD_26965_,4.43,0.82,0.0,200.62,0.23,HIP2,5.94,Sun-like,K0.5V,2006AJ....132..161G,-0.21,5.73,-0.397,12,HIP_19849_,1,1,3,1,0,6,-4.872,Baliunas96,0.9,Glebocki05,0.86,K0.5V,HIP_19849_,1,HD_26965_,slightly active,5202,49,2013ApJ...764...78R,,4.55,0.03,2013ApJ...764...78R,-0.28,0.06,2013ApJ...764...78R,0.78,0,1,2,1,6,MUST,HIP_19849,0.772800914445948
177.67383,1.7647179,11 50 41.29,+01 45 55.4,10.929,HIP_57757_,HD_102870_,3.59,0.518,0.015,91.5,0.22,HIP2,3.4,Sun-like,F9V,1973ARA&A..11...29M,-0.05,3.35,0.557,54,HIP_57757_,1,0,1,0,0,2,-4.88,Isaacson10,3.6,Glebocki05,1.14,F9V,HIP_57757_,0,HD_102870_,,6083,41,2014A&A...564A.133J,,4.08,0.01,2014A&A...564A.133J,0.24,0.01,2014A&A...564A.133J,1.71,0,1,2,1,2,MUST,HIP_57757,2.2806971890891
255.65169,47.081882,17 02 36.30,+47 04 47.3,18.294,HIP_83389_,HD_154345_,6.76,0.728,0.005,54.6636,0.0212,GaiaDR2,5.45,Sun-like,G8V,1967AJ.....72.1334C,-0.14,5.31,-0.227,_,HIP_83389_,1,0,0,0,1,2,-4.836,Isaacson10,1.8,Glebocki05,0.94,G8V,HIP_83389_,1,HD_154345_,slightly active,5442,30,2015A&A...576A..94S,,4.39,0.04,2015A&A...576A..94S,-0.13,0.02,2015A&A...576A..94S,0.866,0,1,2,1,2,MUST,HIP_83389,1.11703717660899
242.6013,43.817646,16 10 24.21,+43 49 06.1,17.942,HIP_79248_,HD_145675_,6.61,0.877,0.006,55.7363,0.0226,GaiaDR2,5.34,Sun-like,K0V,1989ApJS...71..245K,-0.19,5.15,-0.164,_,HIP_79248_,1,0,0,0,1,2,-5.146,BoroSaikia18,2.6,Glebocki05,0.87,K0V,HIP_79248_,1,HD_145675_,quiet,5388,44,2005ApJS..159..141V,,4.52,0.06,2005ApJS..159..141V,0.46,0.03,2005ApJS..159..141V,0.95,0,1,2,1,2,MUST,HIP_79248,0.82807109893411
47.26675,49.613277,03 09 02.88,+49 36 48.6,10.541,HIP_14632_,HD_19373_,4.05,0.595,0.007,94.87,0.23,HIP2,3.94,Sun-like,G0V,1989ApJS...71..245K,-0.065,3.87,0.348,50,HIP_14632_,1,1,2,0,0,4,-5.028,Isaacson10,3.6,Glebocki05,1.08,G0V,HIP_14632_,0,HD_19373_,quiet,5968,63,2013ApJ...764...78R,,4.19,0.03,2013ApJ...764...78R,0.08,0.04,2013ApJ...764...78R,1.396,0,1,2,1,4,MUST,HIP_14632,1.77038461693358
12.276214,57.815186,00 49 05.10,+57 48 59.6,5.953,HIP_3821_,HD_4614_,3.46,0.587,0.003,167.98,0.48,HIP2,4.59,Sun-like,F9V,1989ApJS...71..245K,-0.05,4.54,0.081,16,HIP_3821_,1,1,2,0,0,4,-4.949,Isaacson10,3.4,Glebocki05,1.14,F9V,HIP_3821_,0,HD_4614_,,5904,32,2010MNRAS.403.1368G,,4.32,0.03,2010MNRAS.403.1368G,-0.25,0.02,2010MNRAS.403.1368G,1.05,0,1,2,1,4,MUST,HIP_3821,1.31240424757446
143.9146,35.810135,09 35 40.03,+35 48 38.8,11.203,HIP_47080_,HD_82885_,5.4,0.77,0.002,89.2581,0.1928,GaiaDR2,5.15,Sun-like,G8Va,1989ApJS...71..245K,-0.14,5.01,-0.109,59,HIP_47080_,1,1,1,0,0,3,-4.638,Baliunas96,2.3,Glebocki05,0.94,G8Va,HIP_47080_,1,HD_82885_,active,5511,45,2013ApJ...764...78R,,4.46,0.03,2013ApJ...764...78R,0.28,0.06,2013ApJ...764...78R,0.967,0,1,2,1,3,MUST,HIP_47080,0.950752831098101
243.90529,-8.369442,16 15 37.13,-08 22 05.7,14.131,HIP_79672_,HD_146233_,5.49,0.652,0.009,70.7675,0.1119,GaiaDR2,4.74,Sun-like,G2Va,1989ApJS...71..245K,-0.085,4.65,0.034,87,HIP_79672_,1,1,1,0,0,3,-4.93,Radick18,2.7,Glebocki05,1.02,G2Va,HIP_79672_,1,HD_146233_,quiet,5814,3,2014A&A...572A..48R,,4.45,0.01,2014A&A...572A..48R,0.06,0.0,2014A&A...572A..48R,1.025,2,1,2,1,3,MUST,HIP_79672,0.972898709453773
348.32074,57.168354,23 13 14.74,+57 10 03.5,6.532,HIP_114622_,HD_219134_,5.57,1.0,0.0,153.0808,0.0895,GaiaDR2,6.49,Sun-like,K3V,1989ApJS...71..245K,-0.37,6.12,-0.554,21,HIP_114622_,0,0,2,0,0,2,-4.922,BoroSaikia18,1.8,Glebocki05,0.75,K3V,HIP_114622_,1,HD_219134_,quiet,4833,60,2013ApJ...764...78R,,4.59,0.02,2013ApJ...764...78R,0.0,0.06,2013ApJ...764...78R,0.754,0,1,2,1,2,MUST,HIP_114622,0.704802810638864
261.43848,2.1114223,17 25 45.57,+02 06 51.5,7.715,HIP_85295_,HD_157881_,7.54,1.359,0.011,129.6231,0.0286,GaiaDR2,8.1,Sun-like,K7V,2002AJ....123.2002H,-0.95,7.15,-0.965,_,HIP_85295_,1,1,0,0,0,2,-4.451,BoroSaikia18,3.5,Glebocki05,0.63,K7V,HIP_85295_,1,HD_157881_,active,3941,101,2005ApJ...626..446R,,4.68,0.03,2007ApJS..168..297T,0.19,0.08,2015ApJ...804...64M,0.706,0,1,2,1,2,MUST,HIP_85295,0.572885232365496
197.9683,27.878183,13 11 52.92,+27 52 33.7,9.129,HIP_64394_,HD_114710_,4.23,0.572,0.006,109.54,0.17,HIP2,4.43,Sun-like,F9.5V,1989ApJS...71..245K,-0.06,4.37,0.149,39,HIP_64394_,1,1,2,0,0,4,-4.745,Baliunas96,4.5,Glebocki05,1.11,F9.5V,HIP_64394_,0,HD_114710_,active,6034,61,2010MNRAS.403.1368G,,4.44,0.03,2010MNRAS.403.1368G,0.06,0.03,2010MNRAS.403.1368G,1.086,0,1,2,1,4,MUST,HIP_64394,0.995560431583035
188.43561,41.35748,12 33 45.09,+41 21 24.4,8.44,HIP_61317_,HD_109358_,4.24,0.588,0.009,118.49,0.2,HIP2,4.61,Sun-like,G0V,1989ApJS...71..245K,-0.065,4.54,0.079,31,HIP_61317_,1,1,2,1,0,5,-4.97,Radick18,2.8,Glebocki05,1.08,G0V,HIP_61317_,0,HD_109358_,quiet,5887,26,2010MNRAS.403.1368G,,4.34,0.03,2010MNRAS.403.1368G,-0.2,0.02,2010MNRAS.403.1368G,1.052,0,1,2,1,5,MUST,HIP_61317,1.25333632629665
300.90585,29.896805,20 03 36.95,+29 53 53.1,16.014,HIP_98767_,HD_190360_,5.73,0.749,0.001,62.4443,0.0617,GaiaDR2,4.71,Sun-like,G7IV-V,2006AJ....132..161G,-0.125,4.58,0.063,111,HIP_98767_,1,1,1,0,1,4,-5.102,Baliunas96,0.8,Glebocki05,0.96,G7IV-V,HIP_98767_,1,HD_190360_,quiet,5606,19,2013A&A...554A..84M,,4.44,0.05,2013A&A...554A..84M,0.25,0.02,2013A&A...554A..84M,1.14,0,1,2,1,4,MUST,HIP_98767,0.995560431583035
209.38358,61.492863,13 57 32.10,+61 29 32.4,10.078,HIP_68184_,HD_122064_,6.49,1.04,0.006,99.2285,0.0232,GaiaDR2,6.47,Sun-like,K3V,1984AJ.....89..702L,-0.37,6.1,-0.545,46,HIP_68184_,1,1,2,0,0,4,-4.989,BoroSaikia18,_,_,0.75,K3V,HIP_68184_,1,HD_122064_,quiet,4851,78,2013ApJ...764...78R,,4.58,0.02,2013ApJ...764...78R,0.11,0.06,2013ApJ...764...78R,0.756,0,2,1,1,4,MUST,HIP_68184,0.721219777066528
147.14738,46.021008,09 48 35.18,+46 01 16.4,18.904,HIP_48113_,HD_84737_,5.08,0.619,0.007,52.8994,0.126,GaiaDR2,3.7,Sun-like,G0.5Va,1989ApJS...71..245K,-0.07,3.63,0.445,137,HIP_48113_,1,1,1,0,0,3,-5.085,Isaacson10,2.9,Glebocki05,1.08,G0.5Va,HIP_48113_,1,HD_84737_,quiet,5872,38,2013ApJ...764...78R,,4.1,0.02,2013ApJ...764...78R,0.09,0.04,2013ApJ...764...78R,1.613,0,1,2,1,3,MUST,HIP_48113,2.17804890654002
34.26346,34.22423,02 17 02.42,+34 13 29.4,11.008,HIP_10644_,HD_13974_,4.84,0.607,0.005,90.845,0.3665,GaiaDR2,4.63,Sun-like,G0.5V_Fe-0.5,1989ApJS...71..245K,-0.07,4.56,0.071,52,HIP_10644_,1,1,1,0,0,3,-4.69,Hall07,2,Glebocki05,1.08,G0.5V_Fe-0.5,HIP_10644_,1,HD_13974_,active,5786,75,2013ApJ...764...78R,,4.29,0.03,2013ApJ...764...78R,-0.53,0.1,2013ApJ...764...78R,1.08,0,1,2,1,3,MUST,HIP_10644,1.40626648755187
133.57478,-5.4344597,08 54 18.19,-05 26 04.3,16.85,HIP_43726_,HD_76151_,6.01,0.661,0.012,59.3469,0.0447,GaiaDR2,4.88,Sun-like,G2V,1989ApJS...71..245K,-0.085,4.79,-0.021,_,HIP_43726_,1,1,0,0,0,2,-4.659,Baliunas96,2.4,Glebocki05,1.02,G2V,HIP_43726_,1,HD_76151_,active,5781,17,2013A&A...555A.150T,,4.44,0.05,2013A&A...555A.150T,0.12,0.01,2013A&A...555A.150T,0.973,0,1,2,1,2,MUST,HIP_43726,0.995560431583035
223.34903,19.152798,14 53 24.04,+19 09 08.2,11.51,HIP_72848_,HD_131511_,6.0,0.841,0.005,86.88,0.46,HIP2,5.69,Sun-like,K0.5V,1989ApJS...71..245K,-0.21,5.48,-0.298,60,HIP_72848_,1,1,1,0,0,3,-4.392,Isaacson10,3.9,Glebocki05,0.86,K0.5V,HIP_72848_,0,HD_131511_,active,5291,12,2005PASJ...57...27T,,4.55,0.04,2005PASJ...57...27T,0.08,0.02,2005PASJ...57...27T,0.845,0,1,2,1,3,MUST,HIP_72848,0.772800914445948
108.95891,47.239964,07 15 50.11,+47 14 25.5,16.867,HIP_35136_,HD_55575_,5.54,0.576,0.002,59.287,0.1222,GaiaDR2,4.4,Sun-like,F9V,2003AJ....126.2048G,-0.05,4.35,0.154,116,HIP_35136_,1,1,1,0,0,3,-4.95,Radick18,2.9,Glebocki05,1.14,F9V,HIP_35136_,1,HD_55575_,quiet,5849,20,2005PASJ...57...27T,,4.26,0.04,2005PASJ...57...27T,-0.33,0.02,2005PASJ...57...27T,1.163,0,1,2,1,3,MUST,HIP_35136,1.50684168972051
272.4059,38.457775,18 09 37.65,+38 27 32.1,11.096,HIP_88972_,HD_166620_,6.38,0.876,0.007,90.1264,0.02,GaiaDR2,6.15,Sun-like,K2V,2003AJ....126.2048G,-0.26,5.89,-0.462,53,HIP_88972_,1,1,1,0,0,3,-4.955,Baliunas96,0.6,Glebocki05,0.78,K2V,HIP_88972_,0,HD_166620_,quiet,5048,34,2013ApJ...764...78R,,4.55,0.02,2013ApJ...764...78R,-0.2,0.04,2013ApJ...764...78R,0.768,0,1,2,1,3,MUST,HIP_88972,0.772800914445948
164.86656,40.430256,10 59 28.22,+40 25 48.4,13.802,HIP_53721_,HD_95128_,5.03,0.624,0.003,72.4528,0.1507,GaiaDR2,4.33,Sun-like,G1-V_Fe-0.5,1989ApJS...71..245K,-0.075,4.26,0.194,84,HIP_53721_,1,1,1,0,1,4,-5.06,Radick18,3.1,Glebocki05,1.07,G1-V_Fe-0.5,HIP_53721_,1,HD_95128_,quiet,5894,59,2013ApJ...764...78R,,4.3,0.03,2013ApJ...764...78R,0.02,0.03,2013ApJ...764...78R,1.199,0,1,2,1,4,MUST,HIP_53721,1.37425595421848
101.684746,43.577427,06 46 44.34,+43 34 37.3,16.648,HIP_32480_,HD_48682_,5.24,0.575,0.005,60.067,0.1932,GaiaDR2,4.13,Sun-like,F9V,2003AJ....126.2048G,-0.05,4.08,0.263,115,HIP_32480_,1,1,1,0,0,3,-4.93,Hall07,3.6,Glebocki05,1.14,F9V,HIP_32480_,1,HD_48682_,,6064,44,2005ApJS..159..141V,,4.33,0.06,2005ApJS..159..141V,0.12,0.03,2005ApJS..159..141V,1.226,0,1,2,1,3,MUST,HIP_32480,1.28253027967027
1.6532665,29.021502,00 06 36.53,+29 01 19.0,13.779,HIP_544_,HD_166_,6.07,0.752,0.003,72.5764,0.0498,GaiaDR2,5.37,Sun-like,G8V,2003AJ....126.2048G,-0.14,5.23,-0.198,83,HIP_544_,1,1,1,0,0,3,-4.384,Isaacson10,3.6,Glebocki05,0.94,G8V,HIP_544_,1,HD_166_,active,5458,40,2013ApJ...764...78R,,4.52,0.02,2013ApJ...764...78R,0.14,0.06,2013ApJ...764...78R,0.891,0,1,2,1,3,MUST,HIP_544,0.82807109893411
271.7564,30.56214,18 07 01.61,+30 33 42.7,15.739,HIP_88745_,HD_165908_,5.05,0.528,0.002,63.5358,0.1059,GaiaDR2,4.07,Sun-like,F9V_mw,2001AJ....121.2148G,-0.05,4.02,0.29,108,HIP_88745_,1,1,1,0,0,3,-5.02,Wright04,2.8,Glebocki05,1.14,F9V_mw,HIP_88745_,0,HD_165908_,quiet,6049,61,2013ApJ...764...78R,,4.18,0.03,2013ApJ...764...78R,-0.58,0.05,2013ApJ...764...78R,1.271,0,1,2,1,3,MUST,HIP_88745,1.81162217214978
103.07521,-5.173713,06 52 18.37,-05 10 25.3,8.749,HIP_32984_,HD_50281_,6.58,1.056,0.011,114.2968,0.0465,GaiaDR2,6.87,Sun-like,K3.5V,2003AJ....126.2048G,-0.44,6.43,-0.676,32,HIP_32984_,0,0,2,0,0,2,-4.554,BoroSaikia18,2.7,Glebocki05,0.79,K3.5V,HIP_32984_,,HD_50281_,,4758,44,2005ApJS..159..141V,,4.5,0.05,2003AJ....126.2015H,-0.07,0.04,2004A&A...415.1153S,0.676,0,1,2,1,2,MUST,HIP_32984,0.867096887509786
